time,DMU1_AI,DMU1_RAW,DMU1_PM10,DMU1_RH,DMU1_TEMP,DMU2_AI,DMU2_RAW,DMU2_PM10,DMU2_RH,DMU2_TEMP,DMU3_AI,DMU3_RAW,DMU3_PM10,DMU3_RH,DMU3_TEMP,DMU4_AI,DMU4_RAW,DMU4_PM10,DMU4_RH,DMU4_TEMP,pm10,pm25
2020-07-15 13:00:00,3.1157142857142857,1.2857142857142858,1.2857142857142858,39.39714285714286,29.26,2.7279239766081904,2.52046783625731,3.0350877192982457,37.18877192982455,34.38289473684212,4.193685897435906,2.8525641025641026,3.4551282051282053,25.232532051282046,38.25740384615384,4.9185483870967674,4.006451612903226,4.396774193548387,25.444645161290328,37.86048387096776,10.0,5.0
2020-07-15 16:00:00,5.692560000000001,5.44,6.504,31.02952000000002,33.71144000000001,2.908211143695012,3.2844574780058653,3.7888563049853374,35.70598240469208,34.9200293255132,4.424951768488745,3.167202572347267,3.7138263665594855,20.988713826366546,41.47231511254021,5.32658064516129,4.767741935483871,5.429032258064516,21.935741935483865,40.495548387096804,9.0,5.0
2020-07-15 17:00:00,4.409770491803277,3.2065573770491804,3.822950819672131,27.284000000000013,36.938098360655765,2.989473684210528,3.1491228070175437,3.672514619883041,36.47301169590641,34.87391812865497,4.3761538461538505,3.0801282051282053,3.548076923076923,21.70999999999998,41.27717948717949,5.129064516129042,4.383870967741935,4.835483870967742,21.087516129032256,41.838161290322574,10.0,4.0
2020-07-15 18:00:00,4.136282894736842,2.7960526315789473,3.3190789473684212,29.43125000000002,35.57851973684209,2.974604105571848,2.5806451612903225,2.941348973607038,38.859442815249274,33.49815249266861,4.062268370607028,2.5814696485623,3.0031948881789137,25.25137380191692,38.40501597444088,4.678737864077673,3.6310679611650487,4.038834951456311,22.800194174757287,40.44336569579286,11.0,5.0
2020-07-15 19:00:00,6.0410064935064955,5.483766233766234,6.275974025974026,36.627337662337695,32.26935064935065,5.257543859649122,5.271929824561403,5.918128654970761,46.11119883040934,30.431228070175415,5.784472843450486,5.095846645367412,5.715654952076678,33.55073482428112,33.71738019169327,6.8640645161290195,6.832258064516129,7.22258064516129,30.92693548387098,35.46216129032257,12.0,7.0
2020-07-15 20:00:00,10.322322580645158,12.058064516129033,13.516129032258064,50.736870967741964,28.103838709677433,9.982463343108506,11.826979472140762,12.882697947214076,60.8424926686217,26.346392961876894,9.95363057324839,11.200636942675159,12.210191082802547,47.083566878980854,29.405891719745238,11.389158576051765,14.472491909385113,15.093851132686083,48.29071197411012,28.760355987055025,13.0,9.0
2020-07-15 21:00:00,10.752419354838706,13.412903225806451,15.070967741935483,55.36496774193546,27.050903225806454,10.593970588235315,13.255882352941176,14.355882352941176,65.8153235294118,25.284735294117645,10.674038461538474,12.823717948717949,13.849358974358974,51.81730769230776,28.24288461538463,12.052733118971064,16.424437299035368,17.225080385852092,53.49302250803859,27.505884244372986,19.0,14.0
2020-07-15 22:00:00,10.693333333333335,13.532051282051283,15.118589743589743,56.07788461538459,26.582756410256415,10.535835777126117,13.043988269794722,14.27859237536657,66.9997360703812,24.686217008797676,10.666784565916412,12.80064308681672,13.92282958199357,52.78360128617362,27.69231511254022,11.797999999999996,15.912903225806451,16.677419354838708,54.34048387096774,27.007806451612876,19.0,14.0
2020-07-15 23:00:00,11.07331189710611,15.05144694533762,16.861736334405144,57.193279742765284,26.22717041800646,11.20554252199413,14.651026392961876,16.24633431085044,68.37891495601178,24.25997067448678,11.239522292993628,14.343949044585987,15.818471337579618,53.87277070063698,27.337484076433125,12.114790996784576,17.189710610932476,18.221864951768488,55.487266881028944,26.648424437299063,20.0,14.0
2020-07-16 00:00:00,11.751258064516138,17.696774193548386,19.761290322580646,58.588129032258074,25.805741935483884,12.470205882352946,17.6,19.455882352941178,70.03650000000002,23.780735294117626,12.117041800643086,17.073954983922828,18.69774919614148,55.34935691318327,26.872411575562683,12.962025723472673,20.20257234726688,21.5016077170418,56.71871382636656,26.269517684887454,23.0,17.0
2020-07-16 01:00:00,11.637371794871795,17.46474358974359,19.653846153846153,58.83974358974357,25.8589423076923,12.417029411764725,17.455882352941178,19.06764705882353,70.57955882352945,23.759352941176466,11.905636942675152,16.585987261146496,18.366242038216562,55.711974522293,26.889777070063694,12.752852564102557,19.794871794871796,21.05448717948718,57.16714743589752,26.27676282051284,21.0,14.0
2020-07-16 02:00:00,11.431832797427651,17.183279742765272,19.369774919614148,59.32826366559488,25.548424437299037,12.428147058823516,17.44705882352941,19.288235294117648,71.60261764705885,23.308323529411787,11.586102236421727,16.099041533546327,17.6741214057508,56.42073482428117,26.501469648562264,12.446538461538465,19.025641025641026,20.246794871794872,57.28253205128201,26.08842948717949,23.0,15.0
2020-07-16 03:00:00,10.660387096774189,15.69032258064516,17.683870967741935,60.654064516129026,25.089709677419364,11.827941176470597,15.970588235294118,17.720588235294116,73.12685294117652,22.80632352941178,11.029872611464965,15.26751592356688,16.735668789808916,57.83429936305732,26.00283439490445,11.630161290322592,17.532258064516128,18.651612903225807,58.8239677419355,25.538,23.0,15.0
2020-07-16 04:00:00,10.113633440514471,15.742765273311898,17.60128617363344,63.852733118971074,24.411929260450158,11.85739002932552,15.941348973607038,17.50733137829912,76.28428152492671,22.185043988269786,10.414230769230773,14.951923076923077,16.42628205128205,60.75887820512822,25.37612179487177,10.977354838709681,17.29032258064516,18.3,62.022516129032326,24.8539677419355,21.0,15.0
2020-07-16 05:00:00,10.976506410256414,18.134615384615383,20.147435897435898,63.7269230769231,24.57439102564103,12.822382352941172,18.25,20.055882352941175,76.09847058823537,22.386500000000005,11.1558785942492,17.070287539936103,18.971246006389777,60.81124600638977,25.506645367412144,11.827064516129031,19.441935483870967,20.73548387096774,61.55406451612898,25.120645161290323,21.0,15.0
2020-07-16 06:00:00,11.760868167202576,19.167202572347268,21.405144694533764,61.49456591639869,25.32771704180065,13.163362831858416,19.200589970501476,20.86725663716814,72.74259587020639,23.461061946902667,12.026006389776361,18.11182108626198,19.77955271565495,58.15440894568694,26.42638977635783,12.889485530546624,20.874598070739548,22.15434083601286,58.6212540192926,26.13414790996783,19.0,13.0
2020-07-16 07:00:00,13.209322580645159,21.94516129032258,24.593548387096774,59.12316129032259,26.261548387096788,14.248053097345112,22.13864306784661,24.115044247787612,69.15061946902662,24.78085545722713,13.553838709677397,21.11935483870968,23.283870967741937,55.48106451612904,27.488741935483866,15.215305466237941,25.733118971061092,27.292604501607716,55.037138263665604,27.47813504823152,20.0,15.0
2020-07-16 08:00:00,14.873741935483858,24.793548387096774,28.006451612903227,53.766419354838746,27.536419354838714,15.111999999999991,24.708823529411763,27.058823529411764,62.85608823529407,26.36955882352942,14.808044871794873,24.128205128205128,26.381410256410255,51.32333333333331,28.434775641025645,16.459035369774913,28.765273311897108,30.771704180064308,49.3651446945338,29.03270096463019,21.0,13.0
2020-07-16 09:00:00,16.672967741935487,28.93548387096774,33.409677419354836,42.689870967741946,31.906741935483883,15.911449704142013,29.319526627218934,32.6301775147929,51.43727810650887,30.867988165680483,17.042364217252402,29.49520766773163,33.31629392971246,41.51897763578276,32.36466453674121,18.42382636655947,33.331189710610936,37.98392282958199,39.58125401929259,33.0693890675241,25.0,17.0
2020-07-16 10:00:00,15.350620915032676,25.5718954248366,28.62091503267974,35.638692810457535,34.803986928104585,12.467817109144537,24.115044247787612,26.289085545722713,43.593097345132726,34.02327433628323,14.920546623794218,24.418006430868168,26.736334405144696,34.036977491961395,35.62845659163986,16.67864077669901,29.362459546925567,31.792880258899675,31.863495145631056,36.820906148867316,26.0,15.0
2020-07-16 11:00:00,15.765522875817002,26.76797385620915,30.035947712418302,35.822352941176455,34.728594771241845,12.443000000000003,25.0,26.94705882352941,42.53861764705886,34.64282352941176,15.50412903225806,26.125806451612902,28.54193548387097,33.03867741935484,36.21364516129033,17.52970873786407,31.359223300970875,34.6957928802589,31.67462783171522,36.91177993527507,27.0,16.0
2020-07-16 12:00:00,16.414786885245896,28.504918032786886,32.3672131147541,37.20062295081968,34.455803278688514,13.11410029498526,27.09439528023599,29.129793510324482,42.87197640117994,34.92386430678467,15.872700964630212,27.157556270096464,29.836012861736336,32.4623794212219,37.05514469453376,18.14699029126213,32.954692556634306,37.18122977346278,32.14064724919093,37.09171521035597,28.0,17.0
2020-07-16 13:00:00,17.68951298701296,31.75974025974026,36.83766233766234,38.61987012987013,34.54272727272723,14.759112426035507,30.715976331360945,33.937869822485204,44.69656804733733,34.76029585798819,17.43044728434505,31.04153354632588,34.91373801916933,33.16779552715654,37.458370607028726,19.966495176848877,36.62057877813505,42.89389067524116,33.36897106109322,37.197234726688116,26.0,18.0
2020-07-16 14:00:00,19.471601307189534,36.428104575163395,44.01960784313726,39.64013071895427,34.51843137254901,16.323887240356083,34.833827893175076,40.29970326409496,45.66347181008902,34.79059347181009,19.101864951768505,34.848874598070736,40.836012861736336,32.65035369774922,38.312668810289374,22.766634304207134,40.689320388349515,48.737864077669904,32.85815533980583,38.01349514563105,34.0,23.0
2020-07-16 15:00:00,19.489601328903646,36.584717607973424,43.90033222591362,37.78737541528234,35.87139534883716,14.981775147929003,34.319526627218934,39.44378698224852,42.719023668639025,36.79254437869821,19.369999999999994,34.62379421221865,40.27974276527331,30.038585209003244,40.37736334405146,23.612354838709685,41.44516129032258,49.36451612903226,31.30487096774193,39.406741935483886,40.0,24.0
2020-07-16 16:00:00,18.7306907894737,34.76973684210526,40.82236842105263,43.42858552631577,33.361578947368415,16.790771513353114,33.724035608308604,38.09495548961424,50.440890207715164,33.032789317507444,18.08691318327974,32.88424437299035,37.508038585209,37.14713826366557,36.29292604501606,20.86491909385113,38.922330097087375,46.00970873786408,37.40190938511325,36.00731391585758,40.0,30.0
2020-07-16 17:00:00,16.885537459283388,29.651465798045603,32.88599348534202,43.51231270358304,33.36791530944625,14.958141592920336,28.256637168141594,30.466076696165192,51.76000000000001,32.49997050147489,16.13596774193548,27.529032258064515,29.809677419354838,37.53451612903227,36.13035483870968,18.106655948553048,33.141479099678456,37.254019292604504,36.259774919614145,36.69980707395502,43.0,34.0
2020-07-16 18:00:00,15.629055374592816,26.140065146579804,28.566775244299674,45.61902280130296,32.52009771986969,13.899352941176481,24.264705882352942,25.852941176470587,53.814058823529386,31.630558823529437,15.063557692307695,24.477564102564102,26.368589743589745,41.027275641025604,34.44842948717946,17.107427652733126,30.2540192926045,32.533762057877816,39.37250803858523,35.121157556270084,35.0,26.0
2020-07-16 19:00:00,14.677207792207792,23.655844155844157,25.876623376623378,51.605454545454506,30.4143831168831,13.833716814159292,21.938053097345133,23.578171091445427,59.59097345132753,29.478112094395275,13.752147435897445,21.048076923076923,22.78205128205128,47.64083333333331,31.84714743589743,16.154290322580632,27.674193548387098,29.11935483870968,46.88241935483874,32.033677419354845,32.0,23.0
2020-07-16 20:00:00,14.672096774193541,24.4,26.822580645161292,57.10316129032255,28.630483870967744,15.00094117647055,24.28235294117647,26.408823529411766,66.40970588235292,27.214117647058817,14.112315112540195,22.141479099678456,24.488745980707396,53.77601286173633,29.71623794212218,16.53554838709679,28.983870967741936,30.983870967741936,55.28551612903225,29.050451612903213,30.0,22.0
2020-07-16 21:00:00,14.619711538461548,25.641025641025642,28.227564102564102,59.86842948717951,27.720641025641026,15.326017699115056,25.103244837758112,27.047197640117993,68.72828908554565,26.445309734513273,14.375961538461539,23.259615384615383,25.253205128205128,56.40743589743595,28.818910256410284,16.261221864951768,29.19935691318328,31.131832797427652,58.00681672025717,28.155241157556244,26.0,18.0
2020-07-16 22:00:00,14.09003215434084,25.774919614147908,28.440514469453376,63.2990032154341,27.21382636655951,15.903333333333316,26.575221238938052,28.672566371681416,73.02498525073747,25.670501474926237,14.177620578778129,24.228295819935692,26.385852090032156,59.84868167202579,28.265080385852063,15.701262135922331,29.359223300970875,31.692556634304207,61.6481553398058,27.583495145631066,25.0,19.0
2020-07-16 23:00:00,14.452379421221858,27.819935691318328,31.14790996784566,65.59649517684888,26.87524115755626,16.515473372781077,28.21301775147929,30.849112426035504,75.56390532544368,25.282189349112397,14.395480769230758,25.71153846153846,28.153846153846153,61.80551282051285,28.007371794871787,15.603032258064523,30.1,32.89032258064516,63.8554193548387,27.274838709677432,24.0,19.0
2020-07-17 00:00:00,14.357597402597401,27.142857142857142,30.41883116883117,64.4400324675324,26.740389610389624,16.405840707964586,27.920353982300885,30.601769911504423,75.0629203539823,24.976696165191708,14.335320512820527,25.192307692307693,27.705128205128204,60.79041666666666,27.853333333333296,15.681570512820521,29.871794871794872,32.59935897435897,62.66451923076928,27.168653846153855,33.0,24.0
2020-07-17 01:00:00,14.906495176848871,28.276527331189712,31.575562700964632,63.359421221864935,26.53016077170419,16.95514792899409,29.50887573964497,32.46153846153846,74.28263313609469,24.694112426035467,14.997147435897437,26.53846153846154,28.990384615384617,59.53445512820508,27.709487179487176,16.232315112540192,30.842443729903536,33.9967845659164,61.26006430868166,27.052411575562665,24.0,17.0
2020-07-17 02:00:00,15.717331189710615,31.022508038585208,36.263665594855304,64.52324758842445,26.332025723472665,18.03000000000002,32.513353115727,36.676557863501486,75.73664688427307,24.41575667655786,15.908461538461548,29.641025641025642,33.36538461538461,60.83073717948719,27.450544871794882,16.988076923076925,33.467948717948715,38.60576923076923,62.52496794871795,26.812435897435897,23.0,17.0
2020-07-17 03:00:00,16.2125974025974,32.95779220779221,39.52597402597402,65.79373376623376,26.070064935064945,18.86178041543024,34.80118694362018,40.804154302670625,77.30540059347179,24.083353115727025,16.49877419354839,31.88064516129032,36.70967741935484,62.15012903225806,27.156290322580652,17.49926517571884,35.415335463258785,41.86900958466454,63.99932907348246,26.491022364217244,25.0,18.0
2020-07-17 04:00:00,15.776698717948708,32.032051282051285,38.01923076923077,66.28163461538473,25.94141025641026,18.49400593471809,33.73887240356083,39.10089020771513,78.56486646884274,23.75905044510386,15.882916666666665,30.66025641025641,34.72435897435897,63.0396474358975,26.912660256410245,16.905419354838706,34.23870967741936,39.903225806451616,64.71799999999996,26.312129032258042,25.0,18.0
2020-07-17 05:00:00,15.777852564102565,32.48397435897436,38.6025641025641,67.19717948717947,25.726217948717945,18.73809523809529,34.38988095238095,40.083333333333336,79.65767857142858,23.524880952380933,15.86412140575079,30.945686900958467,35.22683706070288,63.72501597444092,26.751853035143736,16.908770226537204,34.41747572815534,40.35598705501618,65.02378640776699,26.25990291262132,24.0,19.0
2020-07-17 06:00:00,16.7369774919614,33.839228295819936,41.266881028938904,64.87839228295825,26.52315112540192,19.111899109792304,35.510385756676556,41.34421364985163,76.69545994065281,24.51913946587535,16.821897106109322,32.48874598070739,37.58842443729903,61.79929260450157,27.50000000000001,18.207870967741933,36.08064516129032,42.825806451612905,61.69435483870964,27.38254838709676,22.0,17.0
2020-07-17 07:00:00,18.77344051446945,37.29260450160772,46.257234726688104,61.624212218649475,27.665048231511225,20.791220238095246,39.645833333333336,47.86011904761905,71.46232142857143,26.247767857142872,18.86048231511254,36.18006430868167,43.81993569131833,58.24257234726688,28.772443729903543,21.872168284789645,40.84142394822006,49.49838187702265,57.342103559870594,28.914368932038826,25.0,16.0
2020-07-17 08:00:00,20.511758957654724,39.09120521172638,48.77850162866449,56.611791530944636,29.775765472312703,21.572946428571456,40.98511904761905,49.93154761904762,65.33252976190472,28.747351190476166,20.596387096774198,38.71612903225807,47.31612903225806,53.289354838709656,30.929225806451615,24.099444444444426,43.55555555555556,52.72875816993464,51.21732026143789,31.530098039215677,25.0,17.0
2020-07-17 09:00:00,19.419609120521162,36.46254071661238,44.91530944625407,44.50074918566774,34.602475570032574,18.67994047619048,37.38988095238095,44.705357142857146,54.88062500000001,32.920505952380964,19.397138263665596,36.37942122186495,44.051446945337624,44.99781350482316,34.297331189710626,21.36783870967743,40.42258064516129,48.674193548387095,41.67912903225801,35.63341935483867,31.0,19.0
2020-07-17 10:00:00,20.05660130718956,38.068627450980394,47.00326797385621,40.82542483660134,36.33683006535944,17.60473214285713,38.01190476190476,45.75,48.2558035714286,35.957648809523825,19.799196141479108,37.340836012861736,45.40836012861736,38.878906752411574,37.24720257234729,23.487652733119,42.646302250803856,51.42122186495177,37.475691318327954,37.82115755627011,33.0,19.0
2020-07-17 11:00:00,22.089934853420228,41.244299674267104,51.5472312703583,40.97250814332248,35.64573289902281,20.528779761904755,40.88095238095238,49.38690476190476,48.19255952380949,35.33979166666667,21.471221864951787,40.135048231511256,49.07717041800643,37.03093247588425,37.576398713826364,26.514838709677413,45.5258064516129,55.60967741935484,35.858000000000004,38.067161290322574,35.0,23.0
2020-07-17 12:00:00,24.271335504886,43.5114006514658,54.469055374592834,37.440390879478834,36.735700325732886,20.409910979228467,42.3353115727003,51.44213649851632,44.12011869436202,36.83756676557864,24.116559485530562,42.30225080385852,51.961414790996784,32.419356913183286,39.597041800643076,28.99736334405146,47.4983922829582,58.52733118971061,30.95752411575563,40.389131832797425,38.0,27.0
2020-07-17 13:00:00,23.619381107491865,42.381107491856675,52.44625407166124,35.722605863192186,37.0561237785016,17.80346268656716,41.134328358208954,49.52238805970149,40.92865671641788,37.99140298507459,23.30212218649518,40.80385852090032,49.68488745980707,29.63189710610932,40.72749196141478,28.780193548387082,46.99677419354839,57.68709677419355,29.841354838709684,40.451322580645105,43.0,31.0
2020-07-17 14:00:00,24.535130718954246,43.56209150326797,53.93464052287582,37.40790849673206,36.42176470588239,20.13779761904761,41.99702380952381,50.773809523809526,43.345535714285724,36.80348214285712,23.56222580645162,41.31612903225806,50.45161290322581,31.007903225806437,40.10261290322578,28.89346278317154,47.41100323624595,58.13592233009709,31.628414239482215,39.54135922330098,42.0,31.0
2020-07-17 15:00:00,30.985392156862748,50.93464052287582,63.44444444444444,43.56385620915034,35.510457516339876,28.863203592814337,49.287425149700596,60.81137724550898,49.767215568862305,35.65574850299401,28.697170418006458,48.041800643086816,60.01607717041801,35.86469453376204,39.297073954983915,37.18654838709677,57.28709677419355,68.57096774193549,36.38983870967739,38.87548387096772,45.0,34.0
2020-07-17 16:00:00,24.565901639344283,43.99016393442623,54.67213114754098,53.15931147540986,31.957377049180323,25.05170149253733,44.56417910447761,54.42686567164179,60.49582089552234,31.343402985074626,22.595079872204476,42.14376996805112,51.57827476038339,48.13444089456866,33.83019169329075,28.348778135048228,48.20257234726688,59.47266881028939,47.69376205787781,33.747459807073916,55.0,39.0
2020-07-17 17:00:00,19.453592233009722,36.5210355987055,44.25566343042071,51.036148867313955,32.065177993527534,18.69689349112426,36.19526627218935,42.30177514792899,58.22553254437871,31.51952662721894,18.724051446945346,34.765273311897104,41.241157556270096,45.6584565916399,34.165884244373,21.9074919614148,41.22829581993569,49.40836012861736,45.12575562700961,34.23308681672026,55.0,40.0
2020-07-17 18:00:00,19.00418300653594,35.591503267973856,43.01307189542484,48.93859477124185,32.67264705882349,17.94356083086054,34.92284866468843,40.798219584569736,56.74302670623146,31.921750741839755,18.4819935691318,34.054662379421224,39.97749196141479,43.73633440514471,34.76250803858521,20.856645161290334,39.8,47.55806451612903,42.164483870967715,35.306645161290355,43.0,31.0
2020-07-17 19:00:00,19.546633986928157,36.9640522875817,44.97712418300654,53.37163398692814,30.857189542483646,19.466854599406556,36.93471810089021,43.7566765578635,62.109614243323435,29.662136498516357,18.733697749196136,34.90675241157556,41.58199356913183,49.45932475884244,32.23520900321546,21.801161290322593,41.119354838709675,49.31935483870968,49.62374193548386,32.01664516129033,41.0,29.0
2020-07-17 20:00:00,19.233961038961027,36.32142857142857,44.0974025974026,56.38844155844154,29.405616883116895,19.697329376854587,37.311572700296736,44.10979228486647,65.92991097922851,27.94091988130564,18.574617834394886,34.554140127388536,41.1687898089172,53.0912738853503,30.513280254777086,21.657749196141452,40.832797427652736,49.151125401929264,54.64549839228291,29.81861736334402,43.0,31.0
2020-07-17 21:00:00,18.280032573289873,33.85667752442997,40.09120521172638,56.02452768729647,28.810879478827392,18.821661721068256,35.01186943620178,40.08605341246291,65.87415430267068,27.248071216617223,17.67913461538463,32.1025641025641,36.833333333333336,52.86500000000005,29.881442307692332,20.03475884244376,38.17041800643087,45.369774919614144,54.234951768488735,29.254919614147866,44.0,31.0
2020-07-17 22:00:00,17.170194174757253,30.76051779935275,35.27831715210356,54.187022653721684,28.72822006472489,17.685384615384592,31.875739644970412,35.39940828402367,64.65908284023669,26.950029585798784,16.889260450160776,29.887459807073956,33.39228295819936,51.20016077170425,29.778971061093248,18.852990353697724,35.41479099678457,41.350482315112544,52.331479099678454,29.212315112540207,38.0,27.0
2020-07-17 23:00:00,17.590226537216843,31.957928802588995,37.18446601941748,53.55485436893202,28.5366343042071,18.212159763313576,33.375739644970416,37.44082840236686,64.35612426035499,26.640177514792914,17.124887459807088,30.569131832797428,34.157556270096464,50.620803858520844,29.58154340836013,19.195612903225804,36.39032258064516,42.81612903225806,51.68825806451614,29.0221935483871,34.0,26.0
2020-07-18 00:00:00,17.99961165048544,33.103559870550164,39.43042071197411,53.97724919093854,28.48304207119741,18.68272171253827,34.6605504587156,39.2262996941896,65.45498470948012,26.372782874617798,17.6696153846154,32.118589743589745,36.93910256410256,51.56108974358974,29.337884615384603,19.785723472668813,37.79421221864952,44.89067524115756,52.32073954983926,28.88627009646299,19.0,17.0
2020-07-18 01:00:00,18.255838709677434,33.83548387096774,40.33225806451613,55.02587096774194,28.397129032258068,18.900532544378674,35.21597633136095,40.35207100591716,66.94849112426037,26.14857988165686,17.882893890675213,32.72347266881029,37.92926045016077,52.512958199356945,29.269131832797417,20.035032258064536,38.31935483870968,45.71935483870968,53.4030967741935,28.79416129032256,36.0,25.0
2020-07-18 02:00:00,18.325144694533762,34.90032154340836,42.08038585209003,58.02344051446944,27.808070739549855,20.27157738095237,38.30357142857143,45.20238095238095,70.04976190476194,25.56619047619045,18.147980769230745,33.506410256410255,39.39102564102564,55.13733974358971,28.762628205128202,20.52524115755628,39.17363344051447,46.832797427652736,56.18305466237943,28.254308681672036,36.0,25.0
2020-07-18 03:00:00,17.706045016077166,34.543408360128616,42.12540192926045,60.64418006430866,27.08736334405143,19.46392857142858,36.544642857142854,42.94345238095238,72.51238095238094,24.914851190476117,17.880607028754017,33.47284345047923,39.35143769968051,57.63396166134183,28.04718849840259,20.162870967741938,39.02258064516129,46.73870967741936,58.94435483870968,27.476903225806474,35.0,24.0
2020-07-18 04:00:00,17.234760383386565,33.805111821086264,40.25878594249201,61.83916932907347,26.95182108626197,18.953916913946582,35.166172106824924,41.24925816023739,73.88201780415432,24.763056379821926,17.59790322580647,33.26774193548387,38.806451612903224,58.915000000000006,27.88364516129031,19.43259615384616,38.03846153846154,45.42628205128205,60.088717948717985,27.361602564102547,34.0,25.0
2020-07-18 05:00:00,17.07871794871795,33.70192307692308,40.416666666666664,62.425512820512814,26.75019230769233,18.88002967359051,34.95845697329377,40.60830860534124,73.92056379821959,24.73640949554893,17.296217948717942,32.64423076923077,37.6474358974359,59.22506410256416,27.75874999999998,18.905801282051293,37.27564102564103,44.2724358974359,60.25926282051278,27.279743589743575,33.0,24.0
2020-07-18 06:00:00,18.80334405144694,36.745980707395496,45.12861736334405,60.48418006430865,27.4075884244373,20.47050595238098,38.6875,46.294642857142854,71.278630952381,25.631696428571452,18.777781350482332,35.51768488745981,42.556270096463024,57.15019292604505,28.510610932475906,22.139775641025647,41.006410256410255,49.48076923076923,57.40762820512817,28.2663141025641,28.0,21.0
2020-07-18 07:00:00,21.923754045307444,41.045307443365694,51.19417475728155,58.4939482200647,28.48478964401295,23.372380952380986,43.36011904761905,53.205357142857146,68.58705357142864,26.93994047619048,21.035814696485662,40.03514376996805,49.31309904153355,54.84156549520767,29.733290734824322,26.268163934426223,45.35409836065574,55.73770491803279,54.29868852459016,29.755377049180332,27.0,22.0
2020-07-18 08:00:00,25.689250814332254,44.90228013029316,56.74592833876221,55.589022801302946,30.283387622149874,27.119134328358204,46.89850746268657,58.17611940298507,64.81056716417909,29.04770149253734,24.611501597444082,44.00958466453674,54.884984025559106,51.71012779552707,31.66357827476039,29.510192307692304,49.21474358974359,61.37820512820513,50.414679487179505,31.986923076923084,34.0,24.0
2020-07-18 09:00:00,23.16368078175896,42.74592833876221,53.31921824104234,47.44762214983717,33.15807817589574,24.024805970149263,43.45970149253731,52.94328358208955,55.517402985074646,32.4510447761194,22.692820512820564,42.32692307692308,52.21153846153846,44.76352564102566,34.2531730769231,27.282944983818773,46.970873786407765,57.90614886731392,41.566601941747564,35.55249190938516,41.0,26.0
2020-07-18 10:00:00,20.39428104575164,38.89542483660131,47.947712418300654,46.262647058823525,33.63359477124186,19.317744807121695,38.86053412462908,46.35608308605341,53.69827893175075,33.21459940652818,19.876666666666672,37.73462783171521,45.77022653721683,42.215857605178016,35.388576051779914,23.427322580645175,43.04516129032258,51.99354838709677,40.092258064516145,36.23419354838712,39.0,25.0
2020-07-18 11:00:00,21.61901960784312,40.68627450980392,50.24183006535948,44.289673202614374,34.34058823529413,20.48158208955223,40.134328358208954,48.33432835820896,51.04435820895522,34.24011940298507,20.925530546623794,39.559485530546624,48.257234726688104,39.6428295819936,36.45289389067525,25.540354838709668,44.825806451612905,54.56774193548387,37.41929032258062,37.43083870967743,37.0,26.0
2020-07-18 12:00:00,22.257549019607858,41.8202614379085,51.37581699346405,42.49526143790849,35.08591503267975,21.431100917431216,41.342507645259936,49.718654434250766,49.59837920489293,34.83779816513758,21.816538461538457,40.87179487179487,49.47115384615385,37.65407051282049,37.423974358974355,27.108971061093246,46.241157556270096,56.42765273311897,35.876784565916395,38.21479099678458,39.0,27.0
2020-07-18 13:00:00,22.73355263157894,42.20065789473684,51.733552631578945,43.729473684210554,34.61463815789475,21.7938988095238,41.830357142857146,50.36607142857143,51.13735119047614,34.209791666666646,22.220384615384607,41.10576923076923,49.91346153846154,38.48189102564101,37.12275641025639,27.42419354838709,46.8,57.174193548387095,37.8113225806452,37.312838709677436,39.0,31.0
2020-07-18 14:00:00,22.009934426229506,40.65245901639344,49.459016393442624,35.79026229508197,38.57524590163934,16.045579268292695,38.59146341463415,45.88414634146341,42.145487804878044,38.875243902438996,21.8942122186495,38.569131832797424,46.356913183279744,28.624244372990333,43.11610932475883,26.855048231511255,44.649517684887456,53.98070739549839,28.439614147909953,43.10726688102893,39.0,32.0
2020-07-18 15:00:00,20.903660130718965,38.88562091503268,47.052287581699346,34.86349673202614,38.98921568627447,15.286765578635018,37.13056379821958,43.69436201780415,42.067299703264055,38.76899109792282,20.91913183279743,36.81028938906753,43.69131832797428,27.710192926045032,43.62729903536977,25.669999999999987,43.31391585760518,52.003236245954696,28.419255663430413,42.94210355987054,40.0,29.0
2020-07-18 16:00:00,20.167973856209166,37.68627450980392,45.169934640522875,35.055,38.616372549019594,15.312100591715986,36.023668639053255,41.946745562130175,43.195532544378636,37.806183431952675,20.077580645161298,35.541935483870965,41.8,28.961096774193557,42.4037741935484,24.12737179487178,41.60576923076923,49.57371794871795,28.412628205128204,42.714615384615385,40.0,30.0
2020-07-18 17:00:00,27.46843137254901,46.92156862745098,58.21895424836601,45.57990196078432,33.99098039215688,26.747402985074636,46.14328358208955,56.45373134328358,53.34429850746269,33.312000000000005,25.900737179487187,45.05769230769231,55.54807692307692,40.03092948717947,36.400673076923056,33.06238709677419,52.8,63.94838709677419,39.705387096774196,36.43335483870966,39.0,33.0
2020-07-18 18:00:00,28.250491803278692,48.032786885245905,59.96065573770492,46.18459016393439,33.86249180327871,27.692119402985064,47.0865671641791,57.67462686567164,53.69605970149251,33.32247761194026,27.406903225806474,47.119354838709675,58.483870967741936,41.28606451612905,35.943290322580644,34.8731067961165,54.76051779935275,66.53074433656958,39.68996763754044,36.575339805825266,45.0,37.0
2020-07-18 19:00:00,30.320584415584438,50.08441558441559,62.88636363636363,51.935681818181806,31.469253246753254,31.24844311377246,51.2185628742515,63.61377245508982,61.105089820359254,30.122574850299404,29.1553846153846,48.91025641025641,60.87179487179487,48.308237179487186,32.77589743589743,37.11411003236245,57.08414239482201,68.55339805825243,48.08909385113265,32.70174757281551,49.0,41.0
2020-07-18 20:00:00,31.793081967213162,51.527868852459015,64.87868852459016,56.48508196721312,29.907540983606566,33.906167664670704,54.449101796407184,68.10179640718563,66.72305389221557,28.215239520958075,30.755112540192922,50.52090032154341,63.257234726688104,53.24871382636654,30.986720257234737,40.3770739549839,60.57556270096463,70.90353697749197,54.81138263665589,30.28254019292607,51.0,44.0
2020-07-18 21:00:00,34.38099009900988,54.34983498349835,67.96699669966996,57.58524752475247,29.63646864686467,36.81150150150149,57.52252252252252,71.87687687687688,68.79105105105103,27.636066066066075,33.20512903225807,53.15483870967742,66.35161290322581,54.44590322580644,30.66054838709674,44.96173633440513,65.42443729903538,73.89389067524115,55.984180064308745,29.98045016077171,52.0,45.0
2020-07-18 22:00:00,19.888496732026116,32.99346405228758,38.72549019607843,50.53124183006539,29.544379084967357,20.604599406528198,34.10089020771513,39.78635014836795,62.15845697329372,27.37433234421366,19.174551282051294,31.75,37.28846153846154,48.26599358974355,30.422756410256397,23.423064516129006,38.519354838709674,43.99032258064516,49.286451612903264,29.854645161290325,51.0,42.0
2020-07-18 23:00:00,11.804110032362452,15.501618122977346,16.941747572815533,45.78501618122981,29.03498381877022,11.475366568914959,15.011730205278592,16.164222873900293,56.80049853372429,26.95478005865101,11.516173633440502,14.765273311897106,16.173633440514468,43.64546623794209,29.927138263665547,13.078387096774195,19.045161290322582,19.89032258064516,44.63674193548388,29.3217419354839,44.0,37.0
2020-07-19 00:00:00,12.393516129032237,17.096774193548388,18.787096774193547,47.07038709677418,28.48754838709679,12.08085043988271,16.680351906158357,18.319648093841643,58.187917888563106,26.368533724340175,11.888562300319466,15.750798722044728,17.249201277955272,44.61357827476038,29.486932907348212,13.669035369774889,20.774919614147908,21.765273311897108,45.78694533762056,28.815562700964612,17.0,13.0
2020-07-19 01:00:00,13.586645161290305,20.56451612903226,22.664516129032258,49.63912903225804,28.21667741935481,14.428702064896754,22.98230088495575,24.870206489675518,60.78138643067849,26.125339233038385,13.149324758842436,19.324758842443728,21.028938906752412,46.98440514469454,29.233151125401946,14.893333333333336,24.400641025641026,25.58974358974359,48.17096153846148,28.597948717948746,17.0,16.0
2020-07-19 02:00:00,14.579710610932436,23.4983922829582,25.810289389067524,52.778681672025684,27.735691318327977,18.288047337278133,32.81065088757396,36.30769230769231,63.95559171597631,25.70150887573962,14.04721153846153,21.951923076923077,23.887820512820515,49.95961538461539,28.758012820512842,16.162580645161306,27.970967741935485,29.45806451612903,51.26754838709677,28.113612903225793,19.0,16.0
2020-07-19 03:00:00,15.057709677419362,24.893548387096775,27.26451612903226,53.928193548387135,27.63480645161289,16.236401179941,27.799410029498524,30.16519174041298,64.8035693215339,25.725339233038337,14.5106730769231,23.26923076923077,25.41025641025641,50.74214743589742,28.770993589743632,16.615032258064534,29.24516129032258,31.05483870967742,52.184967741935495,28.088903225806472,22.0,17.0
2020-07-19 04:00:00,14.895533980582504,24.423948220064727,26.789644012944983,53.72029126213593,27.68446601941747,15.519734513274296,25.778761061946902,27.64896755162242,64.71696165191742,25.72893805309734,14.396900958466464,22.94888178913738,25.047923322683705,50.74587859424909,28.744600638977634,16.472668810289406,28.84565916398714,30.614147909967844,52.19228295819939,28.062990353697785,21.0,18.0
2020-07-19 05:00:00,15.144322580645152,25.161290322580644,27.587096774193547,54.643838709677375,27.517645161290307,15.254896755162223,25.008849557522122,26.85250737463127,65.47407079646025,25.635516224188745,14.655559105431289,23.68370607028754,25.57188498402556,51.531980830670925,28.61661341853034,16.71525641025646,29.53525641025641,31.42948717948718,52.77185897435897,28.013910256410234,20.0,19.0
2020-07-19 06:00:00,14.594951768488752,29.067524115755628,32.60771704180064,66.49723472668813,25.93713826366558,17.099673590504487,29.875370919881306,32.9080118694362,76.333827893175,24.235816023738906,14.820576923076924,27.278846153846153,29.849358974358974,61.470384615384596,27.3240705128205,16.029096774193548,31.84516129032258,35.33225806451613,64.2080322580645,26.405677419354827,21.0,19.0
2020-07-19 07:00:00,12.885691318327979,33.163987138263664,39.07073954983923,82.89858520900327,23.46691318327975,19.380830860534125,36.12759643916914,42.47774480712166,91.66275964391696,22.016528189910993,13.987980769230761,31.830128205128204,36.368589743589745,75.80983974358979,24.99304487179485,14.328006430868177,34.58842443729903,40.60128617363344,78.55180064308685,24.201672025723475,22.0,19.0
2020-07-19 08:00:00,10.983665594855307,30.559485530546624,35.02893890675241,88.34202572347259,22.265916398713802,18.31367952522255,33.14540059347181,37.54896142433235,95.96507418397628,21.096201780415438,11.796205787781346,28.938906752411576,32.556270096463024,81.25141479099678,23.652025723472658,12.04709265175719,31.91373801916933,36.329073482428115,85.06140575079873,22.958019169329063,24.0,20.0
2020-07-19 09:00:00,7.3104501607716985,17.614147909967844,19.257234726688104,88.35520900321535,22.327427652733107,13.207411764705887,18.923529411764704,20.444117647058825,96.01111764705882,21.21476470588236,7.982364217252373,16.089456869009584,17.450479233226837,81.44476038338657,23.686485623003204,7.83270096463023,18.308681672025724,19.55305466237942,86.55273311897103,22.966752411575552,20.0,19.0
2020-07-19 10:00:00,7.53996784565916,15.909967845659164,17.2508038585209,83.90578778135045,23.1712540192926,12.154647058823532,16.31764705882353,17.5,91.05005882352935,22.24385294117646,8.23600638977636,14.300319488817891,15.584664536741213,76.83530351437699,24.766964856230032,8.379389067524116,15.672025723472668,16.765273311897108,78.21726688102896,24.434726688102884,14.0,13.0
2020-07-19 11:00:00,10.031096774193548,21.803225806451614,23.629032258064516,78.92038709677418,24.49438709677419,14.269085545722731,21.749262536873157,23.07669616519174,84.98492625368725,23.794306784660776,10.953569131832795,20.263665594855304,21.983922829581992,70.51790996784563,26.462700964630212,11.660032258064511,21.993548387096773,23.216129032258063,69.85632258064518,26.507322580645162,13.0,10.0
2020-07-19 12:00:00,13.620744336569581,27.44336569579288,29.90938511326861,70.42844660194174,26.635825242718443,16.238698224852065,27.18639053254438,29.399408284023668,77.21730769230774,25.843431952662723,14.423685897435897,25.682692307692307,27.92628205128205,62.93282051282049,28.601826923076917,15.907781350482312,29.244372990353696,31.405144694533764,61.697620578778135,28.787299035369763,12.0,9.0
2020-07-19 13:00:00,16.085016181229776,30.100323624595468,33.249190938511326,64.19521035598707,28.550388349514538,17.428466076696154,29.772861356932154,32.22418879056047,70.7446607669616,27.877197640118002,16.95660256410255,28.983974358974358,31.753205128205128,57.35028846153846,30.55599358974363,18.76054838709677,33.248387096774195,36.50322580645161,55.15925806451612,31.031677419354814,18.0,15.0
2020-07-19 14:00:00,15.243550488599364,28.612377850162865,31.257328990228014,63.88013029315961,28.686416938110735,16.699970414201182,28.869822485207102,30.937869822485208,71.57355029585804,27.713195266272237,15.878530351437707,27.46006389776358,29.702875399361023,58.018306709265154,30.45169329073481,17.48203883495147,31.72491909385113,34.76051779935275,56.9059223300971,30.52236245954692,23.0,16.0
2020-07-19 15:00:00,15.294581939799322,28.267558528428093,30.923076923076923,63.24130434782615,29.14913043478259,16.4874336283186,28.235988200589972,30.551622418879056,71.57861356932158,28.022625368731553,15.76198717948717,26.791666666666668,28.977564102564102,57.79150641025644,30.817403846153873,17.52466237942122,31.527331189710612,34.469453376205784,57.119035369774906,30.769903536977523,32.0,24.0
2020-07-19 16:00:00,14.92355987055018,27.045307443365697,29.475728155339805,62.97249190938508,29.585825242718414,16.10451327433626,27.194690265486727,28.876106194690266,71.79283185840714,28.36067846607666,15.246903225806445,25.583870967741934,27.593548387096774,57.84590322580644,31.159225806451584,17.15312903225806,30.783870967741937,33.26774193548387,57.108709677419334,31.1671290322581,22.0,18.0
2020-07-19 17:00:00,14.711868852458998,25.34426229508197,27.554098360655736,61.09111475409835,30.567672131147532,15.064029411764723,24.391176470588235,26.185294117647057,69.43682352941178,29.542294117647067,14.73067092651755,23.68370607028754,25.54632587859425,56.15926517571884,32.109297124600644,16.76912337662337,29.376623376623378,31.18831168831169,55.3894155844156,32.152629870129886,23.0,19.0
2020-07-19 18:00:00,14.373843648208464,25.136807817589577,27.241042345276874,62.51208469055374,30.19302931596095,15.213952802359849,24.70501474926254,26.569321533923304,72.04905604719762,28.776430678466046,14.674451612903217,23.848387096774193,25.51290322580645,58.25525806451614,31.490709677419346,16.639679487179478,29.330128205128204,31.067307692307693,58.192339743589784,31.31173076923076,21.0,16.0
2020-07-19 19:00:00,13.877402597402591,24.863636363636363,27.194805194805195,64.39503246753252,29.328831168831183,15.321356932153426,24.938053097345133,26.876106194690266,74.31292035398222,27.787964601769925,14.084230769230762,23.41346153846154,25.349358974358974,60.4784294871795,30.485224358974335,15.858810289389066,28.655948553054664,30.405144694533764,61.25922829581991,30.06157556270094,23.0,19.0
2020-07-19 20:00:00,12.639902280130293,21.973941368078176,23.980456026058633,65.32905537459284,29.04951140065146,14.414794117647045,22.44705882352941,24.394117647058824,75.57055882352928,27.42817647058818,12.78658146964855,20.533546325878593,22.242811501597444,61.74150159744404,30.100000000000026,14.589487179487174,26.131410256410255,27.541666666666668,62.948269230769235,29.567596153846164,21.0,19.0
2020-07-19 21:00:00,11.706980519480533,19.27922077922078,21.09090909090909,65.10412337662338,29.217272727272757,13.161441176470568,19.258823529411764,20.85,75.32355882352935,27.61426470588236,11.941961414791004,18.20257234726688,19.617363344051448,61.764887459807056,30.201125401929236,13.50964743589744,23.080128205128204,24.134615384615383,62.821346153846186,29.720897435897424,18.0,18.0
2020-07-19 22:00:00,11.497064516129036,18.25483870967742,20.038709677419355,64.1402903225806,29.387677419354826,12.737888563049866,18.255131964809383,19.727272727272727,74.74457478005866,27.676627565982354,11.777459807073956,17.286173633440516,18.823151125401928,60.767170418006515,30.40299035369774,13.256375404530749,21.89644012944984,22.932038834951456,61.790258899676346,29.92844660194177,18.0,15.0
2020-07-19 23:00:00,11.13659090909091,17.33116883116883,18.90909090909091,64.31951298701304,29.41392857142859,12.357882352941166,17.32941176470588,18.75,75.29388235294113,27.60370588235296,11.340228013029312,16.208469055374593,17.631921824104236,61.046026058631924,30.41534201954395,12.827331189710609,20.823151125401928,21.79742765273312,62.03106109324764,29.929935691318313,17.0,13.0
2020-07-20 01:00:00,10.353169934640531,15.444444444444445,16.741830065359476,65.06983660130716,29.502581699346347,11.694633431085029,15.741935483870968,16.69208211143695,75.8425806451613,27.7643108504399,10.543269230769228,14.368589743589743,15.685897435897436,61.96089743589742,30.43493589743587,11.71631067961164,18.181229773462782,19.051779935275082,63.00443365695786,29.955792880258887,16.0,12.0
2020-07-20 02:00:00,9.822280130293153,15.615635179153095,16.96742671009772,69.427003257329,29.09006514657982,11.906832844574769,16.13782991202346,17.287390029325515,79.87824046920814,27.432932551319624,10.077870967741934,14.787096774193548,15.816129032258065,66.01845161290323,30.06338709677422,11.119193548387093,18.570967741935483,19.53548387096774,67.58677419354842,29.443903225806437,17.0,12.0
2020-07-20 03:00:00,9.40396774193549,18.3,20.219354838709677,79.73699999999995,27.553548387096782,14.072147058823527,21.194117647058825,22.844117647058823,90.66505882352935,25.985735294117646,9.622300319488826,17.437699680511184,18.635782747603834,76.2719169329073,28.542364217252413,10.308709677419351,20.73548387096774,21.903225806451612,78.38464516129031,27.894161290322607,20.0,14.0
2020-07-20 04:00:00,8.68597402597403,15.814935064935066,17.415584415584416,79.84954545454545,27.402922077922103,12.336392961876843,16.885630498533725,18.6891495601173,89.77117302052794,26.055806451612856,8.865755627009657,14.707395498392282,16.160771704180064,75.72469453376208,28.49807073954982,9.44264516129033,17.038709677419355,18.045161290322582,76.4492903225807,28.167419354838714,21.0,14.0
2020-07-20 05:00:00,9.289805194805192,16.866883116883116,18.785714285714285,77.19451298701297,27.83311688311689,12.894382352941204,18.320588235294117,20.276470588235295,87.31655882352945,26.375500000000017,9.421847133757966,15.64968152866242,17.24203821656051,73.16671974522292,28.902834394904446,10.195838709677423,18.70967741935484,19.870967741935484,74.24561290322579,28.479129032258047,18.0,13.0
2020-07-20 06:00:00,9.297974276527338,16.842443729903536,18.366559485530548,76.5790675241158,27.386881028938905,14.601794117647033,22.83235294117647,24.841176470588234,86.48067647058816,25.97385294117652,9.3264423076923,15.35897435897436,16.541666666666668,72.78474358974354,28.410576923076924,10.114790996784555,18.35369774919614,19.228295819935692,73.59385852090034,28.034372990353706,20.0,11.0
2020-07-20 07:00:00,7.86583333333333,11.541666666666666,12.852564102564102,75.41467948717948,27.13749999999999,11.697500000000003,15.68235294117647,16.79705882352941,84.1766176470588,25.98002941176473,7.990352564102566,10.349358974358974,11.083333333333334,70.90179487179489,28.362564102564082,8.65751612903226,12.45483870967742,13.112903225806452,70.79683870967742,28.188741935483854,19.0,11.0
2020-07-20 08:00:00,5.62076677316294,7.463258785942492,8.329073482428115,81.89191693290732,25.80086261980833,8.09656626506024,8.02710843373494,8.668674698795181,90.57150602409635,24.653343373493968,5.611575562700957,6.614147909967846,7.228295819935691,77.23855305466243,26.98372990353696,6.261870967741942,7.880645161290323,8.348387096774193,77.3683225806451,26.741999999999972,16.0,9.0
2020-07-20 09:00:00,6.00391585760518,8.919093851132686,9.647249190938512,83.12032362459549,25.420550161812287,9.055073313782993,9.55425219941349,10.117302052785924,91.52618768328442,24.34953079178885,6.219871794871801,8.150641025641026,8.820512820512821,78.80217948717946,26.535448717948746,6.85589743589743,9.442307692307692,9.967948717948717,78.87144230769226,26.31903846153847,12.0,9.0
