time,AI,RAW,PM10,RH,TEMP
2020-07-21 11:21:42,17.69,32,35,35.23,38.0
2020-07-21 11:21:29,18.39,34,38,35.06,37.98
2020-07-21 11:21:18,19.24,36,40,35.05,37.97
2020-07-21 11:21:06,19.16,36,43,35.57,37.94
2020-07-21 11:20:54,20.05,38,45,36.01,37.92
2020-07-21 11:20:43,19.14,36,44,35.87,37.92
2020-07-21 11:20:31,19.18,36,44,35.53,37.92
2020-07-21 11:20:20,22.19,41,49,35.5,37.92
2020-07-21 11:20:08,23.11,42,50,35.87,37.9
2020-07-21 11:19:56,22.15,41,54,35.77,37.89
2020-07-21 11:19:44,21.16,40,51,35.8,37.87
2020-07-21 11:19:32,18.06,33,39,36.07,37.82
2020-07-21 11:19:21,17.71,32,35,36.03,37.76
2020-07-21 11:19:08,18.06,33,37,36.06,37.7
2020-07-21 11:18:56,17.72,32,40,36.26,37.63
2020-07-21 11:18:45,19.14,36,45,36.43,37.58
2020-07-21 11:18:33,18.07,33,39,36.45,37.5
2020-07-21 11:18:22,18.42,34,44,36.52,37.43
2020-07-21 11:18:10,19.94,38,45,36.58,37.38
2020-07-21 11:17:58,19.5,37,45,36.57,37.31
2020-07-21 11:17:47,19.14,36,42,36.71,37.27
2020-07-21 11:17:35,19.14,36,45,36.74,37.23
2020-07-21 11:17:23,18.07,33,41,36.83,37.18
2020-07-21 11:17:12,18.07,33,41,37.0,37.16
2020-07-21 11:17:00,18.42,34,44,36.69,37.15
2020-07-21 11:16:48,19.5,37,46,36.76,37.12
2020-07-21 11:16:37,17.72,32,38,36.89,37.1
2020-07-21 11:16:25,19.15,36,44,37.1,37.08
2020-07-21 11:16:13,18.07,33,37,36.99,37.05
2020-07-21 11:16:02,18.8,35,40,37.4,37.01
2020-07-21 11:15:49,20.29,39,48,37.43,37.0
2020-07-21 11:15:38,18.43,34,37,37.06,37.0
2020-07-21 11:15:26,18.78,35,44,36.89,37.01
2020-07-21 11:15:16,18.78,35,41,36.82,37.04
2020-07-21 11:15:05,18.07,33,36,36.76,37.07
2020-07-21 11:14:53,19.14,36,41,36.62,37.12
2020-07-21 11:14:42,19.94,38,44,36.56,37.14
2020-07-21 11:14:30,18.77,35,40,36.42,37.16
2020-07-21 11:14:17,18.41,34,44,36.15,37.21
2020-07-21 11:14:05,19.14,36,45,36.5,37.24
2020-07-21 11:13:53,18.42,34,44,36.64,37.26
2020-07-21 11:13:42,18.42,34,40,36.5,37.25
2020-07-21 11:13:29,19.16,36,44,37.45,37.21
2020-07-21 11:13:17,19.52,37,45,37.58,37.15
2020-07-21 11:13:07,18.09,33,44,37.81,37.05
2020-07-21 11:12:54,18.8,35,42,37.7,36.99
2020-07-21 11:12:44,17.39,31,37,37.73,36.9
2020-07-21 11:12:31,17.39,31,34,37.89,36.82
2020-07-21 11:12:19,18.1,33,40,38.3,36.75
2020-07-21 11:12:08,18.81,35,40,38.19,36.68
2020-07-21 11:11:56,18.81,35,42,38.35,36.62
2020-07-21 11:11:44,17.74,32,39,38.31,36.54
2020-07-21 11:11:33,18.09,33,39,38.27,36.47
2020-07-21 11:11:21,18.09,33,36,38.16,36.4
2020-07-21 11:11:10,18.09,33,40,38.12,36.37
2020-07-21 11:10:58,17.74,32,35,38.15,36.32
2020-07-21 11:10:48,18.09,33,41,38.15,36.29
2020-07-21 11:10:35,18.44,34,40,38.04,36.27
2020-07-21 11:10:24,17.73,32,39,38.01,36.27
2020-07-21 11:10:12,18.08,33,38,37.87,36.28
2020-07-21 11:10:01,18.79,35,40,37.7,36.3
2020-07-21 11:09:49,17.73,32,38,37.91,36.27
2020-07-21 11:09:37,17.74,32,44,38.11,36.26
2020-07-21 11:09:25,18.81,35,47,38.24,36.23
2020-07-21 11:09:14,18.09,33,39,38.21,36.22
2020-07-21 11:09:02,17.73,32,37,37.97,36.22
2020-07-21 11:08:50,18.44,34,42,37.97,36.2
2020-07-21 11:08:39,18.1,33,44,38.64,36.15
2020-07-21 11:08:28,17.75,32,40,38.91,36.08
2020-07-21 11:08:15,19.18,36,46,39.17,36.01
2020-07-21 11:08:04,18.82,35,41,39.16,35.94
2020-07-21 11:07:52,19.18,36,43,39.49,35.86
2020-07-21 11:07:40,18.82,35,40,39.29,35.8
2020-07-21 11:07:29,18.82,35,44,39.48,35.73
2020-07-21 11:07:17,19.53,37,44,39.58,35.64
2020-07-21 11:07:06,18.1,33,40,39.67,35.59
2020-07-21 11:06:54,18.81,35,39,39.66,35.52
2020-07-21 11:06:42,18.45,34,42,39.79,35.44
2020-07-21 11:06:30,17.04,30,35,39.85,35.36
2020-07-21 11:06:19,18.8,35,42,39.84,35.26
2020-07-21 11:06:07,19.16,36,42,40.23,35.16
2020-07-21 11:05:55,19.52,37,44,40.43,35.06
2020-07-21 11:05:46,18.44,34,38,40.42,34.99
2020-07-21 11:05:34,17.73,32,36,40.68,34.89
2020-07-21 11:05:22,18.44,34,37,40.6,34.81
2020-07-21 11:05:11,18.08,33,39,40.63,34.74
2020-07-21 11:04:58,18.08,33,36,40.52,34.67
2020-07-21 11:04:48,17.73,32,34,40.58,34.64
2020-07-21 11:04:36,18.07,33,35,40.65,34.6
2020-07-21 11:04:25,17.72,32,36,40.74,34.53
2020-07-21 11:04:16,17.38,31,37,40.97,34.49
2020-07-21 11:04:03,16.67,29,32,41.03,34.44
2020-07-21 11:03:52,17.38,31,37,41.69,34.36
2020-07-21 11:03:40,16.68,29,31,42.16,34.29
2020-07-21 11:03:28,17.72,32,35,41.68,34.22
2020-07-21 11:03:17,16.67,29,31,41.54,34.16
2020-07-21 11:03:05,16.31,28,29,41.53,34.11
2020-07-21 11:02:53,17.71,32,33,41.53,34.05
2020-07-21 11:02:41,17.01,30,37,41.59,34.04
2020-07-21 11:02:29,15.96,27,29,41.89,34.01
2020-07-21 11:02:17,18.06,33,38,41.66,33.99
2020-07-21 11:02:06,18.06,33,37,41.42,34.02
2020-07-21 11:01:56,15.95,27,29,41.23,34.06
2020-07-21 11:01:44,17.01,30,33,41.16,34.09
2020-07-21 11:01:34,17.01,30,33,40.87,34.17
2020-07-21 11:01:21,17.01,30,34,40.64,34.25
2020-07-21 11:01:10,17.01,30,32,40.62,34.32
2020-07-21 11:00:58,15.95,27,29,40.42,34.38
2020-07-21 11:00:46,17.01,30,35,40.23,34.46
2020-07-21 11:00:34,17.72,32,37,40.44,34.51
2020-07-21 11:00:23,18.43,34,40,40.24,34.54
2020-07-21 11:00:11,17.72,32,35,40.37,34.56
2020-07-21 10:59:59,18.07,33,37,40.71,34.56
2020-07-21 10:59:48,17.02,30,32,40.58,34.58
2020-07-21 10:59:36,17.02,30,33,40.38,34.62
2020-07-21 10:59:26,18.07,33,36,40.25,34.69
2020-07-21 10:59:15,17.37,31,37,40.02,34.76
2020-07-21 10:59:03,16.67,29,31,39.96,34.82
2020-07-21 10:58:51,17.73,32,33,39.87,34.89
2020-07-21 10:58:41,17.73,32,36,39.71,34.99
2020-07-21 10:58:30,17.38,31,35,39.48,35.06
2020-07-21 10:58:18,16.67,29,34,39.22,35.2
2020-07-21 10:58:06,17.03,30,34,38.87,35.34
2020-07-21 10:57:56,17.73,32,39,38.64,35.48
2020-07-21 10:57:43,16.67,29,34,38.42,35.59
2020-07-21 10:57:32,16.67,29,32,38.53,35.66
2020-07-21 10:57:20,16.32,28,31,38.46,35.7
2020-07-21 10:57:08,15.63,26,26,38.97,35.71
2020-07-21 10:56:57,17.05,30,31,39.24,35.68
2020-07-21 10:56:47,17.05,30,33,39.27,35.68
2020-07-21 10:56:35,16.7,29,32,39.51,35.63
2020-07-21 10:56:24,18.1,33,41,39.3,35.59
2020-07-21 10:56:12,17.75,32,36,39.4,35.56
2020-07-21 10:56:00,17.04,30,31,39.32,35.52
2020-07-21 10:55:48,16.34,28,32,39.39,35.46
2020-07-21 10:55:39,17.04,30,38,39.38,35.42
2020-07-21 10:55:27,17.39,31,35,39.65,35.38
2020-07-21 10:55:16,16.69,29,35,39.91,35.31
2020-07-21 10:55:04,17.74,32,34,39.84,35.25
2020-07-21 10:54:52,17.74,32,35,39.9,35.2
2020-07-21 10:54:43,15.63,26,26,40.24,35.21
2020-07-21 10:54:31,15.99,27,32,40.1,35.2
2020-07-21 10:54:20,17.04,30,33,39.97,35.2
2020-07-21 10:54:07,15.98,27,27,39.9,35.2
2020-07-21 10:53:57,16.69,29,34,40.03,35.17
2020-07-21 10:53:44,17.74,32,36,40.43,35.09
2020-07-21 10:53:32,19.52,37,42,41.36,35.01
2020-07-21 10:53:23,17.39,31,34,41.19,34.95
2020-07-21 10:53:11,15.63,26,26,40.94,34.87
2020-07-21 10:52:59,16.33,28,32,40.9,34.8
2020-07-21 10:52:48,16.68,29,33,40.86,34.75
2020-07-21 10:52:36,17.03,30,32,40.9,34.72
2020-07-21 10:52:23,17.38,31,35,40.89,34.72
2020-07-21 10:52:12,17.38,31,35,40.73,34.72
2020-07-21 10:51:59,17.38,31,34,40.66,34.74
2020-07-21 10:51:49,17.38,31,35,40.59,34.75
2020-07-21 10:51:38,17.03,30,39,41.03,34.74
2020-07-21 10:51:26,18.08,33,41,40.93,34.69
2020-07-21 10:51:14,16.68,29,37,41.12,34.67
2020-07-21 10:51:05,16.68,29,32,41.19,34.66
2020-07-21 10:50:53,16.33,28,32,41.02,34.65
2020-07-21 10:50:44,17.03,30,33,40.79,34.67
2020-07-21 10:50:32,17.03,30,30,40.66,34.7
2020-07-21 10:50:20,15.26,25,30,40.19,34.77
2020-07-21 10:50:08,16.32,28,28,39.93,34.87
2020-07-21 10:49:57,17.02,30,32,39.61,34.99
2020-07-21 10:49:45,17.73,32,40,39.52,35.08
2020-07-21 10:49:36,15.97,27,28,39.29,35.15
2020-07-21 10:49:24,17.39,31,35,39.43,35.19
2020-07-21 10:49:13,17.04,30,33,40.04,35.22
2020-07-21 10:49:01,17.04,30,31,40.07,35.21
2020-07-21 10:48:49,15.63,26,27,40.1,35.2
2020-07-21 10:48:37,16.34,28,32,40.37,35.19
2020-07-21 10:48:25,16.34,28,29,40.41,35.18
2020-07-21 10:48:15,16.34,28,31,40.24,35.17
2020-07-21 10:48:02,16.69,29,30,40.44,35.18
2020-07-21 10:47:50,17.04,30,32,40.23,35.18
2020-07-21 10:47:39,16.7,29,31,41.28,35.15
2020-07-21 10:47:29,18.09,33,38,41.04,35.11
2020-07-21 10:47:17,17.39,31,34,41.27,35.08
2020-07-21 10:47:06,17.74,32,34,41.17,35.08
2020-07-21 10:46:54,18.09,33,36,40.33,35.08
2020-07-21 10:46:44,18.09,33,38,40.26,35.1
2020-07-21 10:46:32,17.74,32,37,40.63,35.09
2020-07-21 10:46:21,17.74,32,35,40.43,35.1
2020-07-21 10:46:09,17.74,32,39,40.16,35.11
2020-07-21 10:45:58,18.09,33,35,40.1,35.13
2020-07-21 10:45:46,18.09,33,36,40.23,35.12
2020-07-21 10:45:33,18.45,34,40,40.53,35.12
2020-07-21 10:45:22,17.39,31,32,41.0,35.08
2020-07-21 10:45:09,18.09,33,36,40.83,35.05
2020-07-21 10:44:57,17.04,30,34,41.02,35.0
2020-07-21 10:44:46,17.74,32,38,41.02,34.96
2020-07-21 10:44:34,18.44,34,39,41.22,34.94
2020-07-21 10:44:23,17.39,31,35,41.05,34.91
2020-07-21 10:44:11,17.39,31,36,40.95,34.9
2020-07-21 10:43:59,17.73,32,33,40.91,34.9
2020-07-21 10:43:47,18.44,34,40,41.01,34.86
2020-07-21 10:43:36,17.04,30,32,41.14,34.84
2020-07-21 10:43:24,17.73,32,39,41.24,34.79
2020-07-21 10:43:13,17.39,31,39,41.4,34.78
2020-07-21 10:43:01,18.08,33,39,40.93,34.77
2020-07-21 10:42:51,17.73,32,34,40.74,34.81
2020-07-21 10:42:40,18.08,33,36,40.67,34.85
2020-07-21 10:42:28,17.73,32,36,40.54,34.87
2020-07-21 10:42:16,17.73,32,33,41.01,34.88
2020-07-21 10:42:06,18.08,33,35,41.01,34.86
2020-07-21 10:41:56,20.23,39,46,41.54,34.82
2020-07-21 10:41:43,20.23,39,47,41.77,34.77
2020-07-21 10:41:31,18.44,34,41,41.5,34.75
2020-07-21 10:41:20,18.08,33,38,41.16,34.73
2020-07-21 10:41:08,17.73,32,34,41.16,34.71
2020-07-21 10:40:56,17.73,32,35,41.43,34.67
2020-07-21 10:40:45,17.38,31,35,41.52,34.64
2020-07-21 10:40:33,17.03,30,31,41.62,34.63
2020-07-21 10:40:21,17.03,30,37,41.59,34.59
2020-07-21 10:40:10,17.03,30,34,41.95,34.56
2020-07-21 10:39:58,17.73,32,36,42.05,34.52
2020-07-21 10:39:47,17.03,30,32,42.14,34.48
2020-07-21 10:39:35,17.73,32,35,42.5,34.41
2020-07-21 10:39:23,18.44,34,37,42.8,34.35
2020-07-21 10:39:12,17.03,30,34,42.93,34.27
2020-07-21 10:39:00,17.03,30,32,42.89,34.21
2020-07-21 10:38:50,17.72,32,36,42.95,34.19
2020-07-21 10:38:38,17.73,32,36,43.31,34.17
2020-07-21 10:38:28,18.43,34,39,43.24,34.16
2020-07-21 10:38:15,18.79,35,44,43.14,34.16
2020-07-21 10:38:03,17.72,32,34,42.95,34.17
2020-07-21 10:37:52,18.43,34,42,43.01,34.19
2020-07-21 10:37:40,18.07,33,38,42.82,34.19
2020-07-21 10:37:28,18.07,33,40,42.82,34.2
2020-07-21 10:37:17,18.79,35,44,43.02,34.2
2020-07-21 10:37:05,18.43,34,37,43.18,34.19
2020-07-21 10:36:54,19.15,36,42,43.21,34.19
2020-07-21 10:36:42,17.72,32,34,43.05,34.16
2020-07-21 10:36:30,19.15,36,41,42.94,34.15
2020-07-21 10:36:17,18.07,33,40,43.11,34.11
2020-07-21 10:36:05,18.79,35,40,43.14,34.08
2020-07-21 10:35:54,18.07,33,39,43.2,34.06
2020-07-21 10:35:42,18.78,35,42,43.03,34.02
2020-07-21 10:35:33,17.72,32,36,43.26,34.0
2020-07-21 10:35:21,18.78,35,43,43.22,33.96
2020-07-21 10:35:09,18.43,34,38,43.79,33.93
2020-07-21 10:34:58,18.78,35,42,43.48,33.91
2020-07-21 10:34:46,18.43,34,41,43.32,33.92
2020-07-21 10:34:34,16.68,29,30,43.25,33.94
2020-07-21 10:34:23,18.07,33,40,43.26,33.98
2020-07-21 10:34:14,18.07,33,43,43.0,34.01
2020-07-21 10:34:01,18.07,33,41,42.76,34.03
2020-07-21 10:33:50,18.07,33,37,43.03,34.0
2020-07-21 10:33:38,18.79,35,42,43.66,34.0
2020-07-21 10:33:26,18.07,33,43,43.66,33.99
2020-07-21 10:33:15,19.14,36,45,43.56,33.97
2020-07-21 10:33:03,18.43,34,37,43.46,33.98
2020-07-21 10:32:53,17.72,32,42,43.39,34.0
2020-07-21 10:32:40,18.07,33,38,43.36,34.02
2020-07-21 10:32:28,18.79,35,40,43.37,34.07
2020-07-21 10:32:17,17.72,32,34,43.4,34.1
2020-07-21 10:32:05,18.08,33,35,43.54,34.13
2020-07-21 10:31:53,18.43,34,40,43.28,34.17
2020-07-21 10:31:42,19.87,38,47,43.35,34.19
2020-07-21 10:31:30,19.15,36,43,43.68,34.2
2020-07-21 10:31:18,18.44,34,38,43.68,34.19
2020-07-21 10:31:06,18.79,35,43,43.55,34.2
2020-07-21 10:30:55,18.79,35,45,43.61,34.17
2020-07-21 10:30:44,18.08,33,37,43.94,34.14
2020-07-21 10:30:32,18.79,35,44,43.81,34.12
2020-07-21 10:30:20,18.43,34,43,43.74,34.08
2020-07-21 10:30:08,18.07,33,39,43.8,34.05
2020-07-21 10:29:57,18.43,34,44,43.8,34.01
2020-07-21 10:29:45,18.79,35,39,43.86,33.99
2020-07-21 10:29:35,18.79,35,40,44.12,33.94
2020-07-21 10:29:22,18.08,33,42,45.01,33.88
2020-07-21 10:29:10,17.72,32,35,45.69,33.78
2020-07-21 10:28:58,17.72,32,34,45.75,33.71
2020-07-21 10:28:47,19.5,37,43,45.77,33.6
2020-07-21 10:28:35,18.78,35,43,45.76,33.54
2020-07-21 10:28:24,18.07,33,39,45.72,33.47
2020-07-21 10:28:12,18.78,35,45,45.82,33.41
2020-07-21 10:28:00,19.14,36,45,45.91,33.36
2020-07-21 10:27:48,19.85,38,45,45.87,33.31
2020-07-21 10:27:37,18.06,33,36,45.83,33.25
2020-07-21 10:27:24,17.71,32,35,45.73,33.23
2020-07-21 10:27:13,18.42,34,40,45.76,33.19
2020-07-21 10:27:03,18.78,35,43,45.76,33.2
2020-07-21 10:26:51,19.13,36,40,45.95,33.2
2020-07-21 10:26:40,18.06,33,43,46.15,33.2
2020-07-21 10:26:28,18.06,33,40,46.09,33.19
2020-07-21 10:26:16,18.78,35,40,46.34,33.14
2020-07-21 10:26:05,18.78,35,39,46.6,33.09
2020-07-21 10:25:54,17.71,32,33,46.82,33.0
2020-07-21 10:25:41,18.06,33,39,47.04,32.94
2020-07-21 10:25:30,19.13,36,44,46.97,32.88
2020-07-21 10:25:18,18.77,35,40,46.83,32.82
2020-07-21 10:25:06,20.2,39,48,47.15,32.76
2020-07-21 10:24:55,17.01,30,34,47.34,32.7
2020-07-21 10:24:44,17.7,32,36,47.43,32.64
2020-07-21 10:24:31,18.77,35,41,47.82,32.58
2020-07-21 10:24:19,19.12,36,43,47.78,32.53
2020-07-21 10:24:07,18.05,33,38,47.71,32.48
2020-07-21 10:23:56,17.7,32,35,47.41,32.45
2020-07-21 10:23:44,18.76,35,40,47.41,32.44
2020-07-21 10:23:32,18.4,34,43,47.31,32.44
2020-07-21 10:23:21,18.76,35,45,47.41,32.45
2020-07-21 10:23:09,17.7,32,40,47.77,32.44
2020-07-21 10:22:57,18.41,34,39,47.96,32.44
2020-07-21 10:22:46,19.48,37,44,47.87,32.43
2020-07-21 10:22:34,19.12,36,41,47.84,32.44
2020-07-21 10:22:24,19.12,36,45,47.77,32.47
2020-07-21 10:22:13,18.76,35,42,47.55,32.49
2020-07-21 10:22:03,18.41,34,39,47.39,32.56
2020-07-21 10:21:51,19.12,36,41,47.42,32.58
2020-07-21 10:21:40,19.12,36,43,47.26,32.59
2020-07-21 10:21:28,17.7,32,37,47.26,32.6
2020-07-21 10:21:16,18.77,35,39,47.33,32.6
2020-07-21 10:21:04,19.48,37,45,47.76,32.59
2020-07-21 10:20:53,18.77,35,41,47.95,32.58
2020-07-21 10:20:41,18.05,33,38,47.82,32.58
2020-07-21 10:20:31,18.77,35,40,47.72,32.57
2020-07-21 10:20:18,18.77,35,43,47.66,32.57
2020-07-21 10:20:06,19.12,36,44,47.69,32.57
2020-07-21 10:19:57,19.13,36,44,47.56,32.59
2020-07-21 10:19:45,18.05,33,40,47.72,32.58
2020-07-21 10:19:33,19.84,38,44,47.66,32.62
2020-07-21 10:19:21,18.41,34,37,47.44,32.66
2020-07-21 10:19:10,18.05,33,37,47.28,32.7
2020-07-21 10:18:58,17.36,31,37,47.41,32.72
2020-07-21 10:18:47,18.77,35,43,47.38,32.75
2020-07-21 10:18:35,19.49,37,46,47.35,32.76
2020-07-21 10:18:23,18.41,34,39,47.42,32.76
2020-07-21 10:18:12,19.13,36,45,47.41,32.74
2020-07-21 10:18:00,20.2,39,47,47.54,32.73
2020-07-21 10:17:49,19.49,37,42,47.51,32.69
2020-07-21 10:17:37,18.41,34,38,48.32,32.64
2020-07-21 10:17:25,18.41,34,42,48.57,32.57
2020-07-21 10:17:14,17.7,32,37,48.5,32.52
2020-07-21 10:17:01,18.41,34,39,48.4,32.48
2020-07-21 10:16:49,19.48,37,47,48.33,32.45
2020-07-21 10:16:38,19.12,36,46,48.22,32.4
2020-07-21 10:16:26,19.48,37,45,48.55,32.36
2020-07-21 10:16:14,18.77,35,43,48.9,32.33
2020-07-21 10:16:03,18.76,35,45,48.67,32.32
2020-07-21 10:15:51,19.84,38,47,48.44,32.3
2020-07-21 10:15:39,18.05,33,39,48.67,32.27
2020-07-21 10:15:29,17.7,32,35,48.83,32.26
2020-07-21 10:15:18,17.7,32,35,48.92,32.23
2020-07-21 10:15:06,18.05,33,39,48.95,32.22
2020-07-21 10:14:55,19.12,36,42,48.92,32.19
2020-07-21 10:14:43,18.76,35,44,48.85,32.17
2020-07-21 10:14:32,18.05,33,38,48.85,32.16
2020-07-21 10:14:20,18.04,33,40,48.88,32.14
2020-07-21 10:14:08,19.48,37,46,48.91,32.1
2020-07-21 10:13:56,20.19,39,49,49.06,32.05
2020-07-21 10:13:45,18.76,35,41,49.64,32.0
2020-07-21 10:13:33,19.12,36,43,49.66,31.91
2020-07-21 10:13:22,18.76,35,41,49.78,31.84
2020-07-21 10:13:10,19.11,36,41,49.91,31.76
2020-07-21 10:13:00,18.75,35,38,49.77,31.72
2020-07-21 10:12:49,18.04,33,38,49.89,31.68
2020-07-21 10:12:36,19.11,36,46,49.98,31.64
2020-07-21 10:12:24,17.33,31,35,49.95,31.6
2020-07-21 10:12:12,18.75,35,42,49.78,31.55
2020-07-21 10:12:01,19.11,36,45,49.78,31.52
2020-07-21 10:11:49,18.03,33,42,49.74,31.51
2020-07-21 10:11:37,18.03,33,35,49.64,31.52
2020-07-21 10:11:26,18.03,33,39,49.68,31.51
2020-07-21 10:11:14,18.03,33,41,49.64,31.5
2020-07-21 10:11:04,18.75,35,40,49.67,31.49
2020-07-21 10:10:51,18.03,33,40,49.74,31.47
2020-07-21 10:10:39,17.68,32,38,50.06,31.43
2020-07-21 10:10:29,18.75,35,43,50.41,31.39
2020-07-21 10:10:16,17.68,32,37,50.47,31.36
2020-07-21 10:10:05,19.1,36,43,50.46,31.34
2020-07-21 10:09:52,18.39,34,42,50.49,31.31
2020-07-21 10:09:41,18.74,35,42,50.36,31.31
2020-07-21 10:09:29,18.03,33,38,50.33,31.28
2020-07-21 10:09:18,18.03,33,39,50.39,31.29
2020-07-21 10:09:06,18.39,34,39,50.4,31.31
2020-07-21 10:08:54,18.75,35,40,50.21,31.34
2020-07-21 10:08:43,17.68,32,40,49.99,31.38
2020-07-21 10:08:31,18.75,35,44,49.93,31.42
2020-07-21 10:08:20,19.1,36,48,49.99,31.44
2020-07-21 10:08:08,18.75,35,41,49.99,31.45
2020-07-21 10:07:56,17.33,31,32,49.67,31.48
2020-07-21 10:07:45,18.39,34,38,49.42,31.51
2020-07-21 10:07:32,19.1,36,43,49.36,31.55
2020-07-21 10:07:21,18.39,34,43,49.68,31.58
2020-07-21 10:07:09,18.75,35,43,49.72,31.6
2020-07-21 10:06:57,19.82,38,44,49.4,31.62
2020-07-21 10:06:45,18.39,34,39,49.11,31.69
2020-07-21 10:06:34,18.75,35,38,49.15,31.72
2020-07-21 10:06:22,18.75,35,41,49.15,31.74
2020-07-21 10:06:11,17.69,32,34,49.06,31.78
2020-07-21 10:05:59,18.75,35,39,49.0,31.79
2020-07-21 10:05:47,18.75,35,41,49.0,31.79
2020-07-21 10:05:35,17.69,32,36,49.0,31.8
2020-07-21 10:05:24,17.69,32,36,49.45,31.79
2020-07-21 10:05:12,18.04,33,39,49.51,31.77
2020-07-21 10:05:00,18.4,34,41,49.58,31.75
2020-07-21 10:04:51,18.75,35,40,49.61,31.76
2020-07-21 10:04:41,19.11,36,44,49.67,31.76
2020-07-21 10:04:31,18.75,35,38,49.58,31.76
2020-07-21 10:04:18,17.69,32,35,49.25,31.77
2020-07-21 10:04:06,19.11,36,45,49.09,31.78
2020-07-21 10:03:54,17.69,32,38,49.06,31.78
2020-07-21 10:03:43,17.34,31,35,49.16,31.82
2020-07-21 10:03:31,17.69,32,39,49.56,31.84
2020-07-21 10:03:20,19.11,36,46,49.4,31.89
2020-07-21 10:03:10,18.04,33,39,49.02,31.95
2020-07-21 10:02:58,18.76,35,44,48.7,32.02
2020-07-21 10:02:47,16.99,30,35,48.48,32.08
2020-07-21 10:02:35,17.69,32,36,48.77,32.1
2020-07-21 10:02:24,18.04,33,37,49.03,32.08
2020-07-21 10:02:12,18.4,34,38,48.94,32.1
2020-07-21 10:02:01,18.76,35,42,48.64,32.1
2020-07-21 10:01:48,18.4,34,39,48.61,32.1
2020-07-21 10:01:37,18.04,33,41,48.55,32.12
2020-07-21 10:01:25,18.04,33,42,48.55,32.14
2020-07-21 10:01:13,18.4,34,41,48.61,32.13
2020-07-21 10:01:03,17.35,31,37,48.55,32.14
2020-07-21 10:00:50,18.04,33,41,48.39,32.16
2020-07-21 10:00:38,18.76,35,42,48.33,32.17
2020-07-21 10:00:29,18.04,33,35,48.13,32.21
2020-07-21 10:00:17,17.69,32,36,47.81,32.25
2020-07-21 10:00:06,19.12,36,45,47.66,32.31
2020-07-21 09:59:54,19.12,36,43,47.5,32.36
2020-07-21 09:59:43,18.76,35,38,47.53,32.4
2020-07-21 09:59:30,18.05,33,38,48.03,32.4
2020-07-21 09:59:19,17.7,32,40,48.22,32.38
2020-07-21 09:59:07,18.05,33,40,48.48,32.39
2020-07-21 09:58:56,17.7,32,37,48.29,32.38
2020-07-21 09:58:44,18.41,34,37,47.99,32.37
2020-07-21 09:58:32,19.12,36,44,47.89,32.36
2020-07-21 09:58:21,18.05,33,38,47.7,32.37
2020-07-21 09:58:09,18.4,34,41,47.57,32.39
2020-07-21 09:57:57,19.12,36,42,47.47,32.38
2020-07-21 09:57:46,18.76,35,43,47.44,32.41
2020-07-21 09:57:34,18.05,33,35,47.34,32.43
2020-07-21 09:57:24,17.7,32,34,47.28,32.44
2020-07-21 09:57:12,17.7,32,37,47.51,32.46
2020-07-21 09:57:01,18.05,33,40,47.35,32.45
2020-07-21 09:56:49,17.0,30,37,47.25,32.48
2020-07-21 09:56:38,17.7,32,35,47.06,32.51
2020-07-21 09:56:27,17.7,32,38,46.8,32.57
2020-07-21 09:56:14,19.12,36,43,46.87,32.63
2020-07-21 09:56:03,19.12,36,45,46.59,32.72
2020-07-21 09:55:51,19.84,38,47,46.2,32.82
2020-07-21 09:55:40,18.77,35,42,45.96,32.92
2020-07-21 09:55:27,18.77,35,40,45.74,33.06
2020-07-21 09:55:16,17.71,32,37,45.42,33.18
2020-07-21 09:55:03,17.01,30,31,45.24,33.27
2020-07-21 09:54:54,17.71,32,33,45.05,33.36
2020-07-21 09:54:42,18.78,35,39,44.99,33.42
2020-07-21 09:54:32,18.06,33,41,44.83,33.49
2020-07-21 09:54:19,18.06,33,42,44.64,33.54
2020-07-21 09:54:07,18.42,34,40,44.41,33.62
2020-07-21 09:53:56,18.07,33,38,44.16,33.7
2020-07-21 09:53:44,18.07,33,36,43.9,33.79
2020-07-21 09:53:33,17.72,32,33,43.71,33.86
2020-07-21 09:53:21,16.33,28,28,43.55,33.94
2020-07-21 09:53:09,17.37,31,33,43.23,33.98
2020-07-21 09:52:57,17.72,32,38,43.1,34.02
2020-07-21 09:52:46,18.07,33,41,42.93,34.07
2020-07-21 09:52:34,16.68,29,32,42.81,34.11
2020-07-21 09:52:22,18.07,33,38,42.81,34.15
2020-07-21 09:52:13,17.03,30,31,42.68,34.21
2020-07-21 09:52:01,17.03,30,32,42.59,34.24
2020-07-21 09:51:49,16.33,28,29,42.69,34.29
2020-07-21 09:51:40,15.99,27,28,42.67,34.37
2020-07-21 09:51:28,15.63,26,26,42.3,34.42
2020-07-21 09:51:16,15.99,27,27,42.11,34.5
2020-07-21 09:51:06,15.64,26,29,42.05,34.57
2020-07-21 09:50:55,16.69,29,29,42.09,34.62
2020-07-21 09:50:43,15.64,26,27,42.03,34.66
2020-07-21 09:50:32,14.93,24,25,42.2,34.67
2020-07-21 09:50:20,15.29,25,28,42.37,34.68
2020-07-21 09:50:08,14.57,23,28,42.13,34.69
2020-07-21 09:49:57,14.2,22,24,41.7,34.71
2020-07-21 09:49:45,15.99,27,29,41.47,34.72
2020-07-21 09:49:33,16.34,28,33,41.4,34.75
2020-07-21 09:49:22,16.34,28,29,41.34,34.75
2020-07-21 09:49:10,15.28,25,25,41.44,34.75
2020-07-21 09:48:58,15.64,26,28,41.57,34.74
2020-07-21 09:48:47,19.87,38,45,41.87,34.72
2020-07-21 09:48:35,26.46,46,56,42.27,34.71
2020-07-21 09:48:23,14.92,24,29,42.07,34.68
2020-07-21 09:48:14,15.28,25,27,42.06,34.64
2020-07-21 09:48:02,15.64,26,28,42.02,34.6
2020-07-21 09:47:50,15.28,25,27,42.05,34.55
2020-07-21 09:47:38,15.63,26,28,42.08,34.51
2020-07-21 09:47:26,17.73,32,37,42.31,34.46
2020-07-21 09:47:14,16.69,29,30,42.84,34.39
2020-07-21 09:47:04,18.44,34,43,42.9,34.36
2020-07-21 09:46:55,18.08,33,40,42.96,34.32
2020-07-21 09:46:43,14.92,24,25,42.89,34.28
2020-07-21 09:46:32,16.68,29,30,42.89,34.24
2020-07-21 09:46:20,15.63,26,30,43.35,34.19
2020-07-21 09:46:08,15.63,26,31,43.81,34.13
2020-07-21 09:45:57,16.33,28,28,43.74,34.07
2020-07-21 09:45:45,17.03,30,32,43.46,34.03
2020-07-21 09:45:33,15.63,26,28,43.49,34.0
2020-07-21 09:45:23,16.33,28,30,43.59,33.96
2020-07-21 09:45:10,15.62,26,32,43.72,33.93
2020-07-21 09:44:59,16.33,28,28,43.75,33.91
2020-07-21 09:44:47,15.27,25,28,43.75,33.87
2020-07-21 09:44:36,14.91,24,27,43.61,33.87
2020-07-21 09:44:23,15.98,27,29,43.58,33.86
2020-07-21 09:44:12,17.02,30,35,43.91,33.83
2020-07-21 09:44:00,16.67,29,40,44.1,33.79
2020-07-21 09:43:49,17.02,30,40,44.43,33.74
2020-07-21 09:43:37,17.02,30,35,44.29,33.69
2020-07-21 09:43:25,16.32,28,29,44.29,33.65
2020-07-21 09:43:14,17.37,31,34,44.22,33.62
2020-07-21 09:43:02,16.32,28,31,44.28,33.6
2020-07-21 09:42:50,14.9,24,26,44.21,33.59
2020-07-21 09:42:39,16.32,28,29,44.28,33.58
2020-07-21 09:42:27,15.97,27,29,44.21,33.58
2020-07-21 09:42:15,15.62,26,29,44.14,33.58
2020-07-21 09:42:04,16.67,29,29,44.01,33.57
2020-07-21 09:41:52,15.97,27,28,44.01,33.55
2020-07-21 09:41:40,15.97,27,28,44.01,33.55
2020-07-21 09:41:28,15.97,27,28,44.18,33.56
2020-07-21 09:41:16,15.26,25,27,44.57,33.54
2020-07-21 09:41:04,15.97,27,29,44.47,33.54
2020-07-21 09:40:53,15.61,26,28,44.67,33.52
2020-07-21 09:40:41,16.67,29,29,44.47,33.51
2020-07-21 09:40:30,17.02,30,35,44.2,33.51
2020-07-21 09:40:17,14.9,24,25,44.07,33.52
2020-07-21 09:40:05,14.9,24,26,44.47,33.51
2020-07-21 09:39:55,15.26,25,26,44.34,33.5
2020-07-21 09:39:44,15.97,27,29,44.14,33.51
2020-07-21 09:39:32,15.97,27,30,44.4,33.48
2020-07-21 09:39:21,17.02,30,33,44.73,33.46
2020-07-21 09:39:09,17.36,31,35,44.79,33.43
2020-07-21 09:38:57,16.32,28,32,44.75,33.4
2020-07-21 09:38:45,17.01,30,32,44.65,33.39
2020-07-21 09:38:34,16.32,28,28,44.65,33.38
2020-07-21 09:38:22,17.71,32,34,44.55,33.39
2020-07-21 09:38:11,15.61,26,26,44.33,33.43
2020-07-21 09:37:59,15.97,27,31,44.4,33.46
2020-07-21 09:37:47,15.61,26,31,44.23,33.47
2020-07-21 09:37:36,15.26,25,26,44.23,33.46
2020-07-21 09:37:24,17.01,30,37,44.27,33.47
2020-07-21 09:37:12,17.71,32,40,44.3,33.46
2020-07-21 09:37:01,15.26,25,25,44.36,33.46
2020-07-21 09:36:49,17.01,30,31,44.5,33.46
2020-07-21 09:36:37,16.67,29,30,44.26,33.45
2020-07-21 09:36:26,15.61,26,28,44.3,33.46
2020-07-21 09:36:14,15.97,27,29,44.53,33.49
2020-07-21 09:36:01,16.67,29,34,44.4,33.53
2020-07-21 09:35:49,16.67,29,31,44.07,33.55
2020-07-21 09:35:39,14.9,24,24,44.05,33.59
2020-07-21 09:35:26,16.67,29,30,44.01,33.62
2020-07-21 09:35:16,14.9,24,26,44.11,33.6
2020-07-21 09:35:03,17.02,30,32,44.01,33.56
2020-07-21 09:34:51,17.01,30,34,44.14,33.49
2020-07-21 09:34:41,14.9,24,24,44.26,33.46
2020-07-21 09:34:32,15.97,27,27,44.36,33.43
2020-07-21 09:34:20,14.54,23,25,44.52,33.37
2020-07-21 09:34:08,15.25,25,25,44.58,33.31
2020-07-21 09:33:57,16.66,29,32,44.64,33.25
2020-07-21 09:33:45,17.36,31,36,44.76,33.19
2020-07-21 09:33:33,15.6,26,27,44.92,33.14
2020-07-21 09:33:24,15.6,26,28,45.05,33.12
2020-07-21 09:33:12,15.6,26,30,45.31,33.06
2020-07-21 09:33:01,16.31,28,31,45.67,33.04
2020-07-21 09:32:50,15.6,26,27,46.0,32.98
2020-07-21 09:32:38,15.95,27,29,46.25,32.91
2020-07-21 09:32:26,15.59,26,29,46.18,32.84
2020-07-21 09:32:14,15.59,26,26,46.17,32.77
2020-07-21 09:32:03,15.23,25,27,46.62,32.7
2020-07-21 09:31:51,15.59,26,30,47.01,32.63
2020-07-21 09:31:42,16.3,28,30,47.23,32.6
2020-07-21 09:31:30,15.58,26,27,47.32,32.52
2020-07-21 09:31:18,16.65,29,30,47.64,32.45
2020-07-21 09:31:06,16.29,28,30,47.63,32.36
2020-07-21 09:30:57,15.58,26,29,47.59,32.32
2020-07-21 09:30:45,15.22,25,28,47.58,32.25
2020-07-21 09:30:33,14.51,23,25,47.41,32.19
2020-07-21 09:30:23,14.15,22,26,47.41,32.15
2020-07-21 09:30:11,14.86,24,29,47.2,32.1
2020-07-21 09:30:00,16.99,30,33,47.26,32.04
2020-07-21 09:29:48,16.28,28,31,47.22,31.97
2020-07-21 09:29:36,15.92,27,30,47.31,31.93
2020-07-21 09:29:25,16.28,28,29,47.41,31.88
2020-07-21 09:29:16,16.28,28,31,47.44,31.86
2020-07-21 09:29:03,15.57,26,28,47.73,31.8
2020-07-21 09:28:51,15.92,27,32,47.85,31.77
2020-07-21 09:28:40,16.63,29,31,47.94,31.73
2020-07-21 09:28:29,17.68,32,34,48.23,31.68
2020-07-21 09:28:16,17.33,31,32,48.26,31.65
2020-07-21 09:28:07,16.98,30,42,48.26,31.64
2020-07-21 09:27:55,15.56,26,29,48.13,31.64
2020-07-21 09:27:44,16.27,28,30,48.06,31.63
2020-07-21 09:27:32,16.98,30,32,48.45,31.6
2020-07-21 09:27:20,17.33,31,32,48.9,31.55
2020-07-21 09:27:08,15.91,27,30,48.96,31.5
2020-07-21 09:26:59,16.98,30,35,48.99,31.47
2020-07-21 09:26:47,17.68,32,35,49.11,31.43
2020-07-21 09:26:35,17.68,32,34,49.17,31.39
2020-07-21 09:26:24,16.26,28,32,49.07,31.35
2020-07-21 09:26:12,16.97,30,33,49.03,31.31
2020-07-21 09:26:00,16.97,30,33,48.9,31.29
2020-07-21 09:25:49,16.26,28,29,48.87,31.28
2020-07-21 09:25:37,16.97,30,33,48.93,31.27
2020-07-21 09:25:28,17.32,31,37,48.93,31.28
2020-07-21 09:25:16,16.61,29,32,49.12,31.25
2020-07-21 09:25:04,15.9,27,29,49.28,31.22
2020-07-21 09:24:53,15.9,27,33,49.41,31.2
2020-07-21 09:24:41,16.26,28,29,49.76,31.15
2020-07-21 09:24:31,16.96,30,35,50.04,31.09
2020-07-21 09:24:18,17.67,32,36,50.13,31.04
2020-07-21 09:24:06,17.32,31,34,50.29,30.98
2020-07-21 09:23:54,16.6,29,32,50.38,30.94
2020-07-21 09:23:43,16.96,30,35,50.41,30.88
2020-07-21 09:23:31,18.37,34,41,50.43,30.84
2020-07-21 09:23:22,15.89,27,30,50.66,30.82
2020-07-21 09:23:10,17.31,31,35,51.17,30.77
2020-07-21 09:22:58,17.66,32,39,51.32,30.74
2020-07-21 09:22:45,15.18,25,27,51.52,30.72
2020-07-21 09:22:35,15.89,27,29,51.48,30.69
2020-07-21 09:22:22,16.6,29,31,51.38,30.68
2020-07-21 09:22:11,16.95,30,35,51.51,30.67
2020-07-21 09:21:59,15.89,27,35,51.44,30.66
2020-07-21 09:21:47,15.89,27,31,51.44,30.64
2020-07-21 09:21:36,16.6,29,33,51.31,30.65
2020-07-21 09:21:24,16.95,30,32,51.28,30.66
2020-07-21 09:21:15,18.02,33,38,51.28,30.66
2020-07-21 09:21:03,17.31,31,35,51.25,30.65
2020-07-21 09:20:51,17.66,32,36,51.15,30.66
2020-07-21 09:20:39,17.31,31,32,51.21,30.64
2020-07-21 09:20:28,17.31,31,33,51.18,30.66
2020-07-21 09:20:16,17.66,32,35,51.22,30.64
2020-07-21 09:20:05,16.6,29,31,51.25,30.66
2020-07-21 09:19:53,16.6,29,30,51.35,30.66
2020-07-21 09:19:41,16.95,30,31,51.25,30.68
2020-07-21 09:19:30,17.31,31,33,51.22,30.68
2020-07-21 09:19:18,16.6,29,31,51.22,30.7
2020-07-21 09:19:08,15.89,27,28,51.29,30.71
2020-07-21 09:18:57,16.95,30,33,51.45,30.7
2020-07-21 09:18:45,17.66,32,38,51.51,30.7
2020-07-21 09:18:33,17.66,32,38,51.16,30.7
2020-07-21 09:18:23,16.24,28,28,51.22,30.69
2020-07-21 09:18:10,16.24,28,29,51.44,30.69
2020-07-21 09:17:58,16.95,30,31,51.64,30.66
2020-07-21 09:17:46,16.95,30,32,51.73,30.64
2020-07-21 09:17:34,16.24,28,31,51.82,30.63
2020-07-21 09:17:22,15.53,26,28,51.88,30.6
2020-07-21 09:17:13,16.6,29,30,51.98,30.6
2020-07-21 09:17:01,16.95,30,33,52.11,30.58
2020-07-21 09:16:49,16.59,29,30,52.36,30.56
2020-07-21 09:16:38,17.3,31,34,52.61,30.53
2020-07-21 09:16:28,17.3,31,32,52.58,30.53
2020-07-21 09:16:17,15.53,26,27,52.58,30.52
2020-07-21 09:16:05,16.59,29,33,52.39,30.5
2020-07-21 09:15:54,16.95,30,34,52.35,30.49
2020-07-21 09:15:41,17.3,31,34,52.25,30.48
2020-07-21 09:15:30,18.01,33,35,52.25,30.46
2020-07-21 09:15:18,16.95,30,31,52.18,30.44
2020-07-21 09:15:07,16.95,30,31,52.31,30.42
2020-07-21 09:14:55,17.3,31,35,52.44,30.41
2020-07-21 09:14:43,18.01,33,38,52.43,30.38
2020-07-21 09:14:31,16.94,30,31,52.53,30.36
2020-07-21 09:14:20,17.3,31,37,52.49,30.35
2020-07-21 09:14:08,17.65,32,40,52.43,30.33
2020-07-21 09:13:57,18.37,34,38,52.39,30.32
2020-07-21 09:13:45,17.3,31,37,52.42,30.31
2020-07-21 09:13:33,18.37,34,38,52.61,30.28
2020-07-21 09:13:24,16.59,29,35,52.74,30.28
2020-07-21 09:13:14,18.01,33,41,52.68,30.28
2020-07-21 09:13:02,17.3,31,35,52.8,30.25
2020-07-21 09:12:52,15.17,25,29,52.99,30.25
2020-07-21 09:12:39,16.23,28,30,53.05,30.22
2020-07-21 09:12:27,18.01,33,39,53.24,30.19
2020-07-21 09:12:15,17.29,31,39,53.24,30.17
2020-07-21 09:12:04,17.29,31,37,53.27,30.14
2020-07-21 09:11:52,17.65,32,35,53.17,30.12
2020-07-21 09:11:43,18.37,34,39,53.13,30.11
2020-07-21 09:11:31,17.65,32,37,53.16,30.07
2020-07-21 09:11:19,18.72,35,43,53.16,30.07
2020-07-21 09:11:07,18.0,33,43,53.09,30.05
2020-07-21 09:10:59,17.29,31,36,53.03,30.06
2020-07-21 09:10:46,17.64,32,35,53.16,30.05
2020-07-21 09:10:35,18.0,33,37,53.12,30.02
2020-07-21 09:10:23,18.0,33,40,53.35,30.04
2020-07-21 09:10:11,19.08,36,44,53.54,30.01
2020-07-21 09:10:00,15.87,27,29,53.41,30.0
2020-07-21 09:09:48,18.36,34,43,53.37,29.98
2020-07-21 09:09:37,16.93,30,32,53.34,29.97
2020-07-21 09:09:25,17.29,31,38,53.21,29.95
2020-07-21 09:09:13,16.93,30,33,53.11,29.96
2020-07-21 09:09:02,17.29,31,36,53.05,29.96
2020-07-21 09:08:50,16.93,30,33,52.89,29.97
2020-07-21 09:08:38,15.87,27,28,52.73,29.98
2020-07-21 09:08:27,14.8,24,24,52.57,30.0
2020-07-21 09:08:15,16.22,28,30,52.67,30.02
2020-07-21 09:08:04,16.22,28,30,52.87,30.03
2020-07-21 09:07:52,16.93,30,32,52.87,30.02
2020-07-21 09:07:40,17.29,31,33,52.96,30.02
2020-07-21 09:07:28,18.0,33,37,53.22,30.04
2020-07-21 09:07:19,17.65,32,38,53.06,30.06
2020-07-21 09:07:07,17.65,32,37,52.97,30.09
2020-07-21 09:06:55,16.23,28,29,52.78,30.11
2020-07-21 09:06:44,16.94,30,35,52.91,30.14
2020-07-21 09:06:32,18.01,33,38,52.86,30.19
2020-07-21 09:06:22,17.29,31,40,52.89,30.2
2020-07-21 09:06:09,18.73,35,44,52.99,30.22
2020-07-21 09:05:57,18.73,35,43,53.44,30.22
2020-07-21 09:05:45,17.65,32,36,53.63,30.21
2020-07-21 09:05:34,17.65,32,38,54.01,30.21
2020-07-21 09:05:23,17.65,32,38,54.11,30.19
2020-07-21 09:05:10,16.23,28,29,54.04,30.18
2020-07-21 09:04:59,16.23,28,28,54.07,30.17
2020-07-21 09:04:47,16.94,30,32,54.16,30.13
2020-07-21 09:04:39,17.29,31,35,54.1,30.14
2020-07-21 09:04:26,18.0,33,38,54.03,30.14
2020-07-21 09:04:14,18.0,33,36,54.12,30.1
2020-07-21 09:04:02,16.94,30,32,54.25,30.11
2020-07-21 09:03:51,17.64,32,34,54.28,30.07
2020-07-21 09:03:38,18.37,34,39,54.28,30.06
2020-07-21 09:03:27,18.0,33,43,54.27,30.04
2020-07-21 09:03:15,16.93,30,31,54.34,30.02
2020-07-21 09:03:06,17.29,31,33,54.3,30.01
2020-07-21 09:02:54,17.64,32,35,54.43,30.01
2020-07-21 09:02:42,17.64,32,36,54.56,30.0
2020-07-21 09:02:31,17.64,32,36,54.62,29.97
2020-07-21 09:02:19,18.0,33,37,54.65,29.96
2020-07-21 09:02:07,18.0,33,38,54.77,29.95
2020-07-21 09:01:55,16.93,30,31,54.99,29.94
2020-07-21 09:01:45,18.73,35,38,54.83,29.94
2020-07-21 09:01:34,18.0,33,35,54.8,29.91
2020-07-21 09:01:21,18.0,33,37,54.86,29.92
2020-07-21 09:01:10,16.58,29,32,54.7,29.91
2020-07-21 09:00:58,16.93,30,39,54.8,29.9
2020-07-21 09:00:46,17.64,32,37,54.83,29.88
2020-07-21 09:00:37,17.28,31,35,54.7,29.88
2020-07-21 09:00:25,17.64,32,37,54.67,29.87
2020-07-21 09:00:14,18.0,33,37,54.54,29.85
2020-07-21 09:00:02,18.72,35,45,54.53,29.84
2020-07-21 08:59:50,16.93,30,31,54.6,29.84
2020-07-21 08:59:38,18.0,33,36,54.69,29.82
2020-07-21 08:59:27,18.36,34,39,54.85,29.82
2020-07-21 08:59:15,19.08,36,43,54.97,29.8
2020-07-21 08:59:05,17.99,33,38,55.0,29.77
2020-07-21 08:58:52,17.28,31,33,54.97,29.78
2020-07-21 08:58:41,17.99,33,41,54.97,29.76
2020-07-21 08:58:29,17.99,33,38,55.16,29.73
2020-07-21 08:58:17,16.57,29,32,55.28,29.71
2020-07-21 08:58:06,17.28,31,34,55.37,29.69
2020-07-21 08:57:54,17.63,32,35,55.46,29.68
2020-07-21 08:57:42,16.21,28,33,55.49,29.66
2020-07-21 08:57:30,16.92,30,36,55.36,29.65
2020-07-21 08:57:19,17.28,31,36,55.24,29.63
2020-07-21 08:57:08,17.63,32,40,55.2,29.63
2020-07-21 08:56:56,17.99,33,39,55.14,29.62
2020-07-21 08:56:44,18.72,35,43,55.14,29.6
2020-07-21 08:56:32,17.99,33,41,55.17,29.59
2020-07-21 08:56:21,17.63,32,34,55.13,29.59
2020-07-21 08:56:09,17.63,32,39,55.2,29.57
2020-07-21 08:55:57,17.99,33,39,55.23,29.55
2020-07-21 08:55:45,16.92,30,32,55.45,29.54
2020-07-21 08:55:34,17.63,32,40,55.6,29.52
2020-07-21 08:55:22,18.72,35,44,55.47,29.52
2020-07-21 08:55:11,17.27,31,33,55.06,29.51
2020-07-21 08:54:59,18.72,35,39,54.93,29.52
2020-07-21 08:54:47,17.63,32,37,54.88,29.56
2020-07-21 08:54:36,18.72,35,43,55.01,29.56
2020-07-21 08:54:24,17.99,33,36,55.45,29.55
2020-07-21 08:54:12,19.08,36,41,55.38,29.56
2020-07-21 08:54:01,17.99,33,39,55.54,29.55
2020-07-21 08:53:49,17.99,33,38,55.57,29.53
2020-07-21 08:53:38,18.72,35,38,55.63,29.54
2020-07-21 08:53:26,17.27,31,38,55.89,29.52
2020-07-21 08:53:14,17.27,31,37,55.66,29.51
2020-07-21 08:53:03,17.63,32,35,55.44,29.51
2020-07-21 08:52:51,16.92,30,30,55.29,29.52
2020-07-21 08:52:39,16.92,30,32,55.16,29.54
2020-07-21 08:52:29,17.28,31,32,55.04,29.56
2020-07-21 08:52:16,17.99,33,35,54.94,29.59
2020-07-21 08:52:04,18.72,35,42,54.85,29.6
2020-07-21 08:51:53,17.63,32,34,54.6,29.64
2020-07-21 08:51:41,16.92,30,31,54.45,29.69
2020-07-21 08:51:31,17.64,32,35,54.36,29.72
2020-07-21 08:51:18,17.64,32,38,54.24,29.77
2020-07-21 08:51:06,17.64,32,38,54.15,29.8
2020-07-21 08:50:55,17.64,32,35,54.28,29.82
2020-07-21 08:50:43,18.0,33,37,54.88,29.82
2020-07-21 08:50:32,17.64,32,38,55.07,29.82
2020-07-21 08:50:20,18.0,33,36,54.98,29.8
2020-07-21 08:50:08,16.93,30,33,54.97,29.8
2020-07-21 08:49:56,17.64,32,36,54.81,29.8
2020-07-21 08:49:45,17.99,33,40,54.78,29.79
2020-07-21 08:49:33,17.64,32,36,54.81,29.79
2020-07-21 08:49:21,18.0,33,41,54.69,29.8
2020-07-21 08:49:10,16.22,28,33,54.53,29.81
2020-07-21 08:49:00,17.28,31,36,54.28,29.85
2020-07-21 08:48:49,18.0,33,41,54.12,29.88
2020-07-21 08:48:37,19.8,38,47,54.19,29.91
2020-07-21 08:48:25,17.64,32,35,54.16,29.94
2020-07-21 08:48:13,17.64,32,39,54.17,29.95
2020-07-21 08:48:02,17.29,31,37,54.45,29.95
2020-07-21 08:47:50,17.29,31,38,54.61,29.94
2020-07-21 08:47:38,17.64,32,37,54.71,29.95
2020-07-21 08:47:27,18.36,34,38,54.77,29.93
2020-07-21 08:47:15,16.93,30,33,54.74,29.92
2020-07-21 08:47:03,18.36,34,39,54.77,29.92
2020-07-21 08:46:52,18.73,35,42,54.73,29.91
2020-07-21 08:46:40,17.64,32,40,54.77,29.91
2020-07-21 08:46:28,18.36,34,41,54.73,29.89
2020-07-21 08:46:19,18.73,35,42,54.89,29.88
2020-07-21 08:46:07,18.73,35,44,55.17,29.86
2020-07-21 08:45:55,17.64,32,37,55.17,29.83
2020-07-21 08:45:44,18.73,35,43,55.23,29.81
2020-07-21 08:45:32,19.08,36,42,55.35,29.79
2020-07-21 08:45:20,18.72,35,39,55.32,29.77
2020-07-21 08:45:11,17.99,33,42,55.1,29.79
2020-07-21 08:45:00,18.36,34,42,54.78,29.8
2020-07-21 08:44:47,17.64,32,36,54.53,29.84
2020-07-21 08:44:36,18.0,33,39,54.29,29.89
2020-07-21 08:44:25,18.73,35,42,54.14,29.95
2020-07-21 08:44:12,18.37,34,41,53.79,30.0
2020-07-21 08:44:01,17.65,32,34,53.64,30.07
2020-07-21 08:43:50,18.0,33,40,53.49,30.12
2020-07-21 08:43:37,18.01,33,36,53.43,30.18
2020-07-21 08:43:28,18.01,33,35,53.57,30.25
2020-07-21 08:43:16,17.3,31,32,53.41,30.28
2020-07-21 08:43:03,17.65,32,37,53.26,30.35
2020-07-21 08:42:51,19.09,36,41,53.33,30.37
2020-07-21 08:42:40,18.38,34,41,53.4,30.38
2020-07-21 08:42:28,18.38,34,40,53.59,30.4
2020-07-21 08:42:18,18.01,33,37,53.56,30.4
2020-07-21 08:42:05,18.01,33,39,53.4,30.42
2020-07-21 08:41:53,17.3,31,39,53.4,30.43
2020-07-21 08:41:42,17.3,31,35,53.31,30.45
2020-07-21 08:41:30,18.01,33,38,53.34,30.47
2020-07-21 08:41:18,18.74,35,40,53.54,30.48
2020-07-21 08:41:07,19.45,37,44,53.48,30.51
2020-07-21 08:40:55,18.38,34,41,53.35,30.52
2020-07-21 08:40:43,19.45,37,45,53.16,30.55
2020-07-21 08:40:33,19.09,36,44,53.04,30.58
2020-07-21 08:40:22,18.02,33,38,53.81,30.55
2020-07-21 08:40:09,18.38,34,45,53.64,30.55
2020-07-21 08:39:58,19.81,38,47,53.42,30.57
2020-07-21 08:39:46,18.74,35,41,53.29,30.56
2020-07-21 08:39:34,19.45,37,44,53.39,30.54
2020-07-21 08:39:23,17.66,32,37,53.93,30.52
2020-07-21 08:39:11,18.74,35,43,54.21,30.48
2020-07-21 08:38:59,19.1,36,43,54.17,30.43
2020-07-21 08:38:48,19.45,37,45,54.16,30.39
2020-07-21 08:38:36,19.09,36,44,54.32,30.32
2020-07-21 08:38:24,18.37,34,44,54.66,30.27
2020-07-21 08:38:12,19.81,38,47,54.78,30.21
2020-07-21 08:38:01,19.09,36,45,54.96,30.15
2020-07-21 08:37:49,19.45,37,43,55.08,30.09
2020-07-21 08:37:38,19.09,36,42,55.2,30.04
2020-07-21 08:37:25,19.81,38,45,55.23,30.0
2020-07-21 08:37:14,18.73,35,44,55.25,29.99
2020-07-21 08:37:02,19.45,37,45,55.25,29.96
2020-07-21 08:36:51,18.36,34,40,55.31,29.96
2020-07-21 08:36:39,19.09,36,42,55.28,29.94
2020-07-21 08:36:27,18.73,35,44,55.41,29.95
2020-07-21 08:36:16,19.09,36,47,55.44,29.93
2020-07-21 08:36:04,18.0,33,41,55.63,29.92
2020-07-21 08:35:52,18.73,35,41,55.78,29.91
2020-07-21 08:35:41,19.09,36,44,55.75,29.9
2020-07-21 08:35:29,19.8,38,47,55.72,29.88
2020-07-21 08:35:17,20.52,40,49,55.81,29.85
2020-07-21 08:35:06,20.16,39,46,55.87,29.85
2020-07-21 08:34:54,18.73,35,42,55.9,29.83
2020-07-21 08:34:42,19.09,36,41,55.86,29.81
2020-07-21 08:34:32,17.64,32,35,55.86,29.79
2020-07-21 08:34:19,17.64,32,42,55.99,29.78
2020-07-21 08:34:10,18.36,34,41,55.92,29.79
2020-07-21 08:33:58,19.8,38,44,55.64,29.79
2020-07-21 08:33:46,20.52,40,48,55.58,29.79
2020-07-21 08:33:34,19.44,37,44,55.55,29.81
2020-07-21 08:33:23,19.8,38,47,55.42,29.82
2020-07-21 08:33:11,18.36,34,39,55.33,29.85
2020-07-21 08:33:00,17.28,31,35,55.27,29.88
2020-07-21 08:32:50,17.64,32,38,55.31,29.91
2020-07-21 08:32:38,18.36,34,37,55.37,29.92
2020-07-21 08:32:27,18.73,35,41,55.34,29.94
2020-07-21 08:32:15,19.45,37,48,55.25,29.95
2020-07-21 08:32:05,19.09,36,43,55.38,29.97
2020-07-21 08:31:52,19.45,37,45,55.38,29.98
2020-07-21 08:31:39,20.52,40,50,55.45,30.01
2020-07-21 08:31:27,19.45,37,44,55.39,30.03
2020-07-21 08:31:16,19.45,37,44,55.33,30.04
2020-07-21 08:31:04,19.81,38,46,55.39,30.05
2020-07-21 08:30:52,20.17,39,47,55.46,30.04
2020-07-21 08:30:41,20.17,39,45,55.64,30.04
2020-07-21 08:30:29,19.45,37,44,55.8,30.03
2020-07-21 08:30:17,18.73,35,42,55.7,30.02
2020-07-21 08:30:06,19.09,36,41,55.64,30.01
2020-07-21 08:29:54,18.73,35,42,55.42,30.01
2020-07-21 08:29:42,19.09,36,45,55.29,30.02
2020-07-21 08:29:32,19.09,36,45,55.2,30.02
2020-07-21 08:29:19,18.37,34,38,55.04,30.03
2020-07-21 08:29:09,18.73,35,41,55.04,30.06
2020-07-21 08:28:56,19.45,37,45,55.2,30.06
2020-07-21 08:28:44,20.16,39,47,55.08,30.08
2020-07-21 08:28:33,20.16,39,47,54.89,30.09
2020-07-21 08:28:21,18.73,35,41,54.95,30.1
2020-07-21 08:28:09,21.33,41,50,55.4,30.11
2020-07-21 08:27:58,20.17,39,49,55.97,30.1
2020-07-21 08:27:46,20.17,39,47,55.97,30.07
2020-07-21 08:27:35,20.17,39,48,55.93,30.05
2020-07-21 08:27:22,19.81,38,50,55.96,30.03
2020-07-21 08:27:10,19.45,37,49,55.99,30.01
2020-07-21 08:27:01,19.45,37,45,55.99,30.01
2020-07-21 08:26:49,19.81,38,47,56.05,30.01
2020-07-21 08:26:37,20.17,39,47,56.27,29.98
2020-07-21 08:26:26,20.17,39,45,56.59,29.96
2020-07-21 08:26:14,20.53,40,49,56.84,29.96
2020-07-21 08:26:03,19.46,37,48,57.18,29.92
2020-07-21 08:25:50,19.46,37,46,57.37,29.89
2020-07-21 08:25:39,19.81,38,49,57.39,29.87
2020-07-21 08:25:29,18.73,35,44,57.39,29.86
2020-07-21 08:25:17,19.45,37,45,57.32,29.83
2020-07-21 08:25:07,20.53,40,49,57.2,29.82
2020-07-21 08:24:54,20.52,40,49,57.13,29.79
2020-07-21 08:24:43,22.84,42,54,57.16,29.77
2020-07-21 08:24:33,19.45,37,46,57.19,29.76
2020-07-21 08:24:21,20.52,40,50,57.34,29.73
2020-07-21 08:24:09,20.17,39,49,57.37,29.7
2020-07-21 08:23:59,19.81,38,49,57.37,29.7
2020-07-21 08:23:46,20.52,40,49,57.43,29.68
2020-07-21 08:23:36,21.43,41,50,57.49,29.68
2020-07-21 08:23:23,20.16,39,47,57.58,29.66
2020-07-21 08:23:11,20.17,39,47,57.61,29.64
2020-07-21 08:23:00,20.15,39,48,57.7,29.63
2020-07-21 08:22:48,21.45,41,49,57.73,29.62
2020-07-21 08:22:38,20.52,40,54,57.67,29.64
2020-07-21 08:22:27,20.52,40,48,57.67,29.63
2020-07-21 08:22:15,21.44,41,51,57.64,29.64
2020-07-21 08:22:03,20.52,40,50,57.64,29.63
2020-07-21 08:21:52,20.14,39,46,57.73,29.62
2020-07-21 08:21:40,20.5,40,48,57.79,29.61
2020-07-21 08:21:28,20.48,40,48,57.95,29.6
2020-07-21 08:21:17,19.73,38,45,57.98,29.59
2020-07-21 08:21:06,20.09,39,50,58.04,29.57
2020-07-21 08:20:54,22.9,42,52,58.04,29.56
2020-07-21 08:20:42,20.47,40,48,58.0,29.54
2020-07-21 08:20:30,21.46,41,49,57.91,29.53
2020-07-21 08:20:20,19.74,38,45,57.91,29.51
2020-07-21 08:20:07,19.35,37,45,58.0,29.49
2020-07-21 08:19:54,19.69,38,47,58.22,29.5
2020-07-21 08:19:44,19.67,38,47,58.34,29.48
2020-07-21 08:19:31,21.43,41,49,58.28,29.45
2020-07-21 08:19:19,20.38,40,49,58.46,29.43
2020-07-21 08:19:08,21.39,41,50,58.71,29.4
2020-07-21 08:18:56,20.34,40,52,58.73,29.38
2020-07-21 08:18:46,22.88,42,51,58.64,29.38
2020-07-21 08:18:34,19.99,39,50,58.64,29.36
2020-07-21 08:18:23,20.01,39,48,58.38,29.34
2020-07-21 08:18:11,20.02,39,49,58.35,29.33
2020-07-21 08:18:00,25.08,44,55,58.47,29.31
2020-07-21 08:17:48,19.64,38,47,58.41,29.3
2020-07-21 08:17:38,18.52,35,43,58.28,29.28
2020-07-21 08:17:26,20.39,40,50,58.28,29.27
2020-07-21 08:17:15,19.64,38,47,58.31,29.28
2020-07-21 08:17:03,20.36,40,48,58.46,29.25
2020-07-21 08:16:52,19.98,39,48,58.59,29.23
2020-07-21 08:16:40,20.37,40,49,58.36,29.2
2020-07-21 08:16:27,21.5,41,50,58.27,29.2
2020-07-21 08:16:16,20.02,39,48,58.2,29.2
2020-07-21 08:16:06,20.4,40,50,58.18,29.21
2020-07-21 08:15:54,21.51,41,50,58.2,29.2
2020-07-21 08:15:43,19.25,37,48,58.36,29.2
2020-07-21 08:15:31,20.37,40,50,58.33,29.21
2020-07-21 08:15:19,21.49,41,48,58.3,29.2
2020-07-21 08:15:08,20.37,40,49,58.36,29.21
2020-07-21 08:14:56,21.48,41,52,58.39,29.2
2020-07-21 08:14:44,19.61,38,46,58.46,29.21
2020-07-21 08:14:33,21.48,41,51,58.46,29.2
2020-07-21 08:14:21,21.46,41,53,58.61,29.19
2020-07-21 08:14:09,21.45,41,50,58.67,29.17
2020-07-21 08:13:58,19.94,39,48,58.73,29.16
2020-07-21 08:13:46,19.92,39,48,58.85,29.13
2020-07-21 08:13:36,20.3,40,50,58.79,29.13
2020-07-21 08:13:25,20.31,40,48,58.73,29.11
2020-07-21 08:13:15,21.47,41,51,58.67,29.12
2020-07-21 08:13:04,24.2,43,54,58.73,29.12
2020-07-21 08:12:52,19.56,38,43,58.72,29.1
2020-07-21 08:12:41,19.56,38,45,58.72,29.08
2020-07-21 08:12:28,19.19,37,46,58.69,29.06
2020-07-21 08:12:19,19.94,39,46,58.65,29.06
2020-07-21 08:12:07,20.31,40,48,58.59,29.04
2020-07-21 08:11:55,22.99,42,51,58.49,29.05
2020-07-21 08:11:44,19.61,38,47,58.34,29.02
2020-07-21 08:11:32,18.88,36,45,58.21,29.03
2020-07-21 08:11:22,19.97,39,47,58.37,29.04
2020-07-21 08:11:09,19.57,38,45,58.55,29.02
2020-07-21 08:10:57,18.36,35,45,59.05,28.99
2020-07-21 08:10:46,19.46,38,46,59.23,28.96
2020-07-21 08:10:34,19.46,38,47,59.23,28.92
2020-07-21 08:10:24,18.34,35,45,59.19,28.91
2020-07-21 08:10:12,19.85,39,47,59.13,28.89
2020-07-21 08:10:01,20.22,40,49,59.07,28.88
2020-07-21 08:09:49,18.38,35,42,58.91,28.88
